Item_ID,Sentence,HaveNeedTo,Finite,ModalPresent,QuestionType,DegreeQ,SubjectAuxInv,WhAll,WhAdvP,MatrixNegPresent,EmbeddedNegPresent,SbarNomPresent,QuantifiedSubject,QuantifiedPredicate,Wh,MatrixSubject,MatrixNegation,InvertedAuxVerb,MatrixPredAux,MatrixPredVerb,MatrixPredOther,MatrixPredParticle,MatrixPred2,Modal,EmbeddedSubject,EmbeddedNegation,Verb1,Verb2,Verb3,DeterminerSubject,DeterminerNonSubject,FullWhPhrase,JustMatrixClause,DeterminerSubjPresent,DeterminerNonSubjPresent,WhNode,WhParse,Question,SentenceParse,WhPhaseType,IdentityQ
24885:14,"i can see where that wouldn't be very good for a, a kid *t*-1, you know,",no,,yes,embedded,no,,,yes,yes,,,,,where,i,n't,,can,see,,,,would,that,,be,very,good,that,that,,"i can see where that wouldn't be very good for a, a kid *t*-1, you know,",yes,yes,,(WRB where),"where that wouldn't be very good for a, a kid *t*-1","(TOP (S (NP-SBJ (PRP I)) (VP (MD can) (VP (VB see) (SBAR (WHADVP-1 (WRB where)) (S (NP-SBJ (DT that)) (VP (MD would) (RB n't) (VP (VB be) (ADJP-PRD (RB very) (JJ good) (PP (IN for) (EDITED (RM (-DFL- \[)) (NP-UNF (DT a)) (, ,) (IP (-DFL- \+))) (NP (DT a) (RS (-DFL- \])) (NN kid)))) (ADVP (-NONE- *T*-1)))))) (PRN (, ,) (S (NP-SBJ (PRP you)) (VP (VBP know)))))) (, ,) (-DFL- E_S)))",monomorphemic,no
48296:72,"um, and i don't think 0 i probably ever would *?*, um, although i would like *-1 to know how *-2 to handle one *t*-3,",no,no,no,embedded,no,,,yes,yes,,,,one,how,*-1,n't,,would,know,,,,,*-2,,handle,,,,,,*-1 to know how *-2 to handle one *t*-3,no,no,,(WRB how),how *-2 to handle one *t*-3,"(TOP (S (INTJ (UH um)) (, ,) (CC and) (NP-SBJ (PRP I)) (VP (VBP do) (RB n't) (VP (VB think) (SBAR (-NONE- 0) (S (NP-SBJ (PRP I)) (ADVP (RB probably)) (ADVP-TMP (RB ever)) (VP (MD would) (VP (-NONE- *?*) (, ,) (INTJ (UH um)) (, ,))))) (SBAR-ADV (IN although) (S (NP-SBJ-1 (PRP I)) (VP (MD would) (VP (VB like) (S (NP-SBJ-2 (-NONE- *-1)) (VP (TO to) (VP (VB know) (SBAR (WHADVP-3 (WRB how)) (S (NP-SBJ (-NONE- *-2)) (VP (TO to) (VP (VB handle) (NP (CD one)) (ADVP-MNR (-NONE- *T*-3))))))))))))))) (, ,) (-DFL- E_S)))",monomorphemic,no
45515:39,"they're always up where they don't, where they're not supposed *-1 to be *t*-2.",no,yes,no,embedded,no,,,yes,yes,yes,,,,where,they,n't,,,,,'re,,,they,not,'re,not,supposed,,,where,"they're always up where they don't, where they're not supposed *-1 to be *t*-2.",no,no,,(WRB where),"where they don't, where they're not supposed *-1 to be *t*-2","(TOP (S (NP-SBJ (PRP They)) (VP (VBP 're) (ADVP-TMP (RB always)) (PP-LOC-PRD (IN up) (SBAR (EDITED (RM (-DFL- \[)) (SBAR (WHADVP (WRB where)) (S (NP-SBJ (PRP they)) (VP-UNF (VBP do) (RB n't)))) (, ,) (IP (-DFL- \+))) (WHADVP-2 (WRB where)) (S (NP-SBJ-1 (PRP they)) (VP (VBP 're) (RB not) (RS (-DFL- \])) (VP (VBN supposed) (S (NP-SBJ (-NONE- *-1)) (VP (TO to) (VP (VB be) (ADVP-LOC-PRD (-NONE- *T*-2))))))))))) (. .) (-DFL- E_S)))",monomorphemic,no
119546:36,"well, * let me just start by *-2 asking what you think *t*-1 of this middle east affair 0 we've got *t*-3 going on?",no,yes,no,embedded,no,,,,,,,,,what,*-2,,,,asking,,,,,you,,think,'ve,got,,this middle east affair 0 we've got *t*-3 going on,what,*-2 asking what you think *t*-1 of this middle east affair 0 we've got *t*-3 going on,no,no,,(WP what),what you think *t*-1 of this middle east affair 0 we've got *t*-3 going on,"(TOP (S-IMP (INTJ (UH Well)) (, ,) (NP-SBJ (-NONE- *)) (VP (VB let) (S (NP-SBJ-2 (PRP me)) (ADVP (RB just)) (VP (VB start) (PP (IN by) (S-NOM (NP-SBJ (-NONE- *-2)) (VP (VBG asking) (SBAR (WHNP-1 (WP what)) (S (NP-SBJ (PRP you)) (VP (VBP think) (NP (-NONE- *T*-1)) (PP (IN of) (NP (NP (DT this) (NNP Middle) (NNP East) (NN affair)) (SBAR (WHNP-3 (-NONE- 0)) (S (NP-SBJ (PRP we)) (VP (VBP 've) (VP (VBN got) (S (NP-SBJ (-NONE- *T*-3)) (VP (VBG going) (PRT (RP on))))))))))))))))))) (. ?) (-DFL- E_S)))",monomorphemic,no
172447:43,"the old-timers, even the people who *t*-1 are technologists don't know how *-2 to operate these electronic things like v c r --s and whatnot *t*-3",no,no,no,embedded,no,,,yes,yes,,,,,how,"the old-timers, even the people who *t*-1 are technologists",whatnot,,do,know,,,,,*-2,,operate,electronic,,,these electronic things like v c r --s and whatnot,,"the old-timers, even the people who *t*-1 are technologists don't know how *-2 to operate these electronic things like v c r --s and whatnot *t*-3",no,no,,(WRB how),how *-2 to operate these electronic things like v c r --s and whatnot *t*-3,"(TOP (S (NP-SBJ-2 (NP (DT the) (NNS old-timers)) (, ,) (NP (NP (RB even) (DT the) (NNS people)) (SBAR (WHNP-1 (WP who)) (S (NP-SBJ (-NONE- *T*-1)) (VP (VBP are) (NP-PRD (NNS technologists))))))) (VP (VBP do) (RB n't) (VP (VB know) (SBAR (WHADVP-3 (WRB how)) (S (NP-SBJ (-NONE- *-2)) (VP (TO to) (VP (VB operate) (NP (NP (DT these) (JJ electronic) (NNS things)) (PP (IN like) (NP (NP (NN V) (NN C) (NN R) (NNS -s)) (CC and) (NP (WP whatnot))))) (ADVP-MNR (-NONE- *T*-3)))))))) (-DFL- E_S)))",monomorphemic,no
83856:16,i do not know what they are called *-1 *t*-2.,no,yes,no,embedded,no,,,,yes,,,,called,what,i,not,,do,know,,,,,they,,are,called,,,,,i do not know what they are called *-1 *t*-2.,no,no,,(WP what),what they are called *-1 *t*-2,(TOP (S (NP-SBJ (PRP I)) (VP (VBP do) (RB not) (VP (VB know) (SBAR (WHNP-2 (WP what)) (S (NP-SBJ-1 (PRP they)) (VP (VBP are) (VP (VBN called) (S (NP-SBJ (-NONE- *-1)) (NP-PRD (-NONE- *T*-2))))))))) (. .) (-DFL- E_S))),monomorphemic,no
145166:115,"actually spring semester a year from now he's going *-1 to have *-2 to be in child care f-, uh, five days a week more than likely. uh, depending on how my class schedule runs *t*-3",no,yes,no,embedded,no,,,yes,,,,,,how,he,,,,,,depending,,,my class schedule,,runs,,,,,how,"actually spring semester a year from now he's going *-1 to have *-2 to be in child care f-, uh, five days a week more than likely. uh, depending on how my class schedule runs *t*-3",no,no,,(WRB how),how my class schedule runs *t*-3,"(TOP (S (ADVP (RB actually)) (NP-TMP (NN spring) (NN semester)) (NP-TMP (NP (DT a) (NN year)) (PP (IN from) (ADVP-TMP (RB now)))) (NP-SBJ-1 (PRP he)) (VP (BES 's) (VP (VBG going) (S (NP-SBJ-2 (-NONE- *-1)) (VP (TO to) (VP (VB have) (S (NP-SBJ (-NONE- *-2)) (VP (TO to) (VP (VB be) (PP-PRD (IN in) (NP (NN child) (NN care))) (EDITED (RM (-DFL- \[)) (NP-TMP-UNF (CD f-)) (, ,) (IP (-DFL- \+))) (INTJ (UH uh)) (, ,) (NP-TMP (NP (CD five) (RS (-DFL- \])) (NNS days)) (NP-ADV (DT a) (NN week))))))))) (ADVP (RBR more) (PP (IN than) (ADJP (JJ likely)))) (. .) (INTJ (UH Uh)) (, ,) (PP (VBG depending) (PP (IN on) (SBAR (WHADVP-3 (WRB how)) (S (NP-SBJ (PRP$ my) (NN class) (NN schedule)) (VP (VBZ runs) (ADVP-MNR (-NONE- *T*-3))))))))) (-DFL- E_S)))",monomorphemic,no
15580:42,"and, but, you know, you could tell when it was coming *t*-1.",no,yes,no,embedded,no,,,yes,,,,,,when,you,,,could,tell,,,,,it,,was,coming,,,,,"and, but, you know, you could tell when it was coming *t*-1.",no,no,,(WRB when),when it was coming *t*-1,"(TOP (S (EDITED (RM (-DFL- \[)) (CC and) (, ,) (IP (-DFL- \+))) (CC but) (, ,) (RS (-DFL- \])) (PRN (S (NP-SBJ (PRP you)) (VP (VBP know))) (, ,)) (NP-SBJ (PRP you)) (VP (MD could) (VP (VB tell) (SBAR (WHADVP-1 (WRB when)) (S (NP-SBJ (PRP it)) (VP (VBD was) (VP (VBG coming) (ADVP-TMP (-NONE- *T*-1)))))))) (. .) (-DFL- E_S)))",monomorphemic,no
21393:64,"and, you know, you kind of, you're wondering, you know, well when did this happen *t*-1?",no,yes,no,embedded,no,yes,,yes,,,,,,when,you,,,'re,wondering,,,,,this,,did,happen,,this,this,,"and, you know, you kind of, you're wondering, you know, well when did this happen *t*-1?",yes,yes,,(WRB when),well when did this happen *t*-1,"(TOP (S (CC and) (PRN (, ,) (S (NP-SBJ (PRP you)) (VP (VBP know))) (, ,)) (EDITED (RM (-DFL- \[)) (S-UNF (NP-SBJ (PRP you)) (ADVP (RB kind) (RB of))) (, ,) (IP (-DFL- \+))) (NP-SBJ (PRP you)) (VP (VBP 're) (VP (VBG wondering) (, ,) (RS (-DFL- \])) (PRN (S (NP-SBJ (PRP you)) (VP (VBP know))) (, ,)) (SBARQ-SEZ (INTJ (UH well)) (WHADVP-1 (WRB when)) (SQ (VBD did) (NP-SBJ (DT this)) (VP (VB happen) (ADVP-TMP (-NONE- *T*-1))))))) (. ?) (-DFL- E_S)))",monomorphemic,no
60635:14,"* pick out where you want *-1 to live *t*-2,",no,yes,no,embedded,no,,,yes,,,,,,where,*,,,,pick,,,,,you,,want,live,,,,,"* pick out where you want *-1 to live *t*-2,",no,no,,(WRB where),where you want *-1 to live *t*-2,"(TOP (S-IMP (NP-SBJ (-NONE- *)) (VP (VB pick) (PRT (RP out)) (SBAR (WHADVP-2 (WRB where)) (S (NP-SBJ-1 (PRP you)) (VP (VBP want) (S (NP-SBJ (-NONE- *-1)) (VP (TO to) (VP (VB live) (ADVP-LOC (-NONE- *T*-2))))))))) (, ,) (-DFL- E_S)))",monomorphemic,no
156071:71,"i mean, i heard on the radio back a, a few weeks ago, uh, during the incidents where they were, you know, like they aren't paying their, their restaurant bills and they're bouncing checks all over the place *t*-1",no,yes,no,embedded,no,,,yes,yes,yes,,,all,where,i,n't,,,heard,,,,,,n't,were,know,are,,the place,,"i mean, i heard on the radio back a, a few weeks ago, uh, during the incidents where they were, you know, like they aren't paying their, their restaurant bills and they're bouncing checks all over the place *t*-1",no,no,,(WRB where),"where they were, you know, like they aren't paying their, their restaurant bills and they're bouncing checks all over the place *t*-1","(TOP (S (PRN (S (NP-SBJ (PRP I)) (VP (VBP mean))) (, ,)) (NP-SBJ (PRP I)) (VP (VBD heard) (PP (IN on) (NP (DT the) (NN radio))) (ADVP (RB back) (EDITED (RM (-DFL- \[)) (NP-UNF (DT a)) (, ,) (IP (-DFL- \+))) (NP (DT a) (RS (-DFL- \])) (JJ few) (NNS weeks)) (RB ago)) (, ,) (INTJ (UH uh)) (, ,) (PP-TMP (IN during) (NP (DT the) (NNS incidents))) (SBAR (WHADVP-1 (WRB where)) (S (S (EDITED (RM (-DFL- \[)) (S (NP-SBJ (PRP they)) (VP-UNF (VBD were))) (, ,) (IP (-DFL- \+))) (PRN (S (NP-SBJ (PRP you)) (VP (VBP know))) (, ,)) (INTJ (UH like)) (NP-SBJ (PRP they)) (VP (VBP are) (RB n't) (RS (-DFL- \])) (VP (VBG paying) (EDITED (RM (-DFL- \[)) (NP-UNF (PRP$ their)) (, ,) (IP (-DFL- \+))) (NP (PRP$ their) (RS (-DFL- \])) (NN restaurant) (NNS bills))))) (-DFL- E_S) (CC and) (S (NP-SBJ (PRP they)) (VP (VBP 're) (VP (VBG bouncing) (NP (NNS checks)) (PP-LOC (RB all) (IN over) (NP (DT the) (NN place)))))) (ADVP (-NONE- *T*-1))))) (-DFL- E_S)))",monomorphemic,no
5323:36,"i guess, uh, 0 i don't even know why i watched c n n *t*-1.",no,yes,no,embedded,no,,,yes,yes,,,,,why,i,n't,,do,know,,,,,i,,watched,,,,,,i don't even know why i watched c n n *t*-1,no,no,,(WRB why),why i watched c n n *t*-1,"(TOP (S (NP-SBJ (PRP I)) (VP (VBP guess) (, ,) (INTJ (UH uh)) (, ,) (SBAR (-NONE- 0) (S (NP-SBJ (PRP I)) (VP (VBP do) (RB n't) (ADVP (RB even)) (VP (VB know) (SBAR (WHADVP-1 (WRB why)) (S (NP-SBJ (PRP I)) (VP (VBD watched) (NP (NNP C) (NNP N) (NNP N)) (ADVP-PRP (-NONE- *T*-1)))))))))) (. .) (-DFL- E_S)))",monomorphemic,no
49373:19,"i was reading just recently where the typical administrator in the, montgomery county public schools makes,",no,yes,no,embedded,no,,,yes,,,,,,where,i,,,was,reading,,,,,"the typical administrator in the, montgomery county public schools",,makes,,,"the typical administrator in the, montgomery county public schools","the typical administrator in the, montgomery county public schools",,"i was reading just recently where the typical administrator in the, montgomery county public schools makes,",yes,yes,,(WRB where),"where the typical administrator in the, montgomery county public schools makes","(TOP (S (NP-SBJ (PRP I)) (VP (VBD was) (VP (VBG reading) (ADVP-TMP (RB just) (RB recently)) (SBAR (WHADVP (WRB where)) (S (NP-SBJ (NP (DT the) (JJ typical) (NN administrator)) (PP-LOC (IN in) (NP (DT the) (, ,) (NNP Montgomery) (NNP County) (NNP Public) (NNPS Schools)))) (VP-UNF (VBZ makes)))))) (, ,) (-DFL- N_S)))",monomorphemic,no
54138:21,"um, i don't know what we're going *-1 to do *t*-2 about it,",no,yes,no,embedded,no,,,,yes,,,,,what,i,n't,,do,know,,,,,we,,'re,going,do,,,,"um, i don't know what we're going *-1 to do *t*-2 about it,",no,no,,(WP what),what we're going *-1 to do *t*-2 about it,"(TOP (S (INTJ (UH Um)) (, ,) (NP-SBJ (PRP I)) (VP (VBP do) (RB n't) (VP (VB know) (SBAR (WHNP-2 (WP what)) (S (NP-SBJ-1 (PRP we)) (VP (VBP 're) (VP (VBG going) (S (NP-SBJ (-NONE- *-1)) (VP (TO to) (VP (VB do) (NP (-NONE- *T*-2)) (PP (IN about) (NP (PRP it)))))))))))) (, ,) (-DFL- E_S)))",monomorphemic,no
70469:14,* tell me how yours works *t*-1.,no,yes,no,embedded,no,,,yes,,,,,,how,*,,,,tell,,,,,yours,,,,,,,,* tell me how yours works *t*-1.,no,no,,(WRB how),how yours works *t*-1,(TOP (S-IMP (NP-SBJ (-NONE- *)) (VP (VB Tell) (NP (PRP me)) (SBAR (WHADVP-1 (WRB how)) (S (NP-SBJ (PRP yours)) (VP (NNS works) (ADVP-MNR (-NONE- *T*-1)))))) (. .) (-DFL- E_S))),monomorphemic,no
155873:40,and my instructor thrives on that because he can just tell me what he wants *t*-1,no,yes,no,embedded,no,,,,,,,,,what,he,,,can,tell,,,,,he,,wants,,,,,,he can just tell me what he wants *t*-1,no,no,,(WP what),what he wants *t*-1,(TOP (S (CC and) (NP-SBJ (PRP$ my) (NN instructor)) (VP (VBZ thrives) (PP (IN on) (NP (DT that))) (SBAR-PRP (IN because) (S (NP-SBJ (PRP he)) (VP (MD can) (ADVP (RB just)) (VP (VB tell) (NP (PRP me)) (SBAR (WHNP-1 (WP what)) (S (NP-SBJ (PRP he)) (VP (VBZ wants) (NP (-NONE- *T*-1)))))))))) (-DFL- E_S))),monomorphemic,no
147794:14,"if you knew what you were getting *t*-1 when you voted *t*-2, uh,",no,yes,no,embedded,no,,,,,,,,,what,you,,,,knew,,,,,you,,were,getting,voted,,,,"you knew what you were getting *t*-1 when you voted *t*-2, uh",no,no,,(WP what),what you were getting *t*-1 when you voted *t*-2,"(TOP (SBAR-ADV (IN If) (S (NP-SBJ (PRP you)) (VP (VBD knew) (SBAR (WHNP-1 (WP what)) (S (NP-SBJ (PRP you)) (VP (VBD were) (VP (VBG getting) (NP (-NONE- *T*-1)) (SBAR-TMP (WHADVP-2 (WRB when)) (S (NP-SBJ (PRP you)) (VP (VBD voted) (ADVP-TMP (-NONE- *T*-2))))))))) (, ,) (INTJ (UH uh)))) (, ,) (-DFL- N_S)))",monomorphemic,no
104217:52,"and, of course, i get *-1 to watch all these movies like * look who *t*-2's talking and who *t*-4's, * look who *t*-3's talking, too",no,yes,no,embedded,no,,,,,,,,,who,*,,,,look,,,,,*t*-2,,'s,talking,,,,who,* look who *t*-2's talking,no,no,,(WP WHO),who *t*-2's talking,"(TOP (S (CC And) (, ,) (PP (IN of) (NP (NN course))) (, ,) (NP-SBJ-1 (PRP I)) (VP (VBP get) (S (NP-SBJ (-NONE- *-1)) (VP (TO to) (VP (VB watch) (NP (NP (PDT all) (DT these) (NNS movies)) (PP (IN like) (NP (S-IMP-TTL (NP-SBJ (-NONE- *)) (VP (VB LOOK) (SBAR (WHNP-2 (WP WHO)) (S (NP-SBJ (-NONE- *T*-2)) (VP (BES 'S) (VP (VBG TALKING))))))) (CC and) (EDITED (RM (-DFL- \[)) (SBAR (WHNP-4 (WP WHO)) (S (NP-SBJ (-NONE- *T*-4)) (VP-UNF (BES 'S)))) (, ,) (IP (-DFL- \+))) (S-IMP-TTL (NP-SBJ (-NONE- *)) (VP (VB LOOK) (SBAR (WHNP-3 (WP WHO)) (S (NP-SBJ (-NONE- *T*-3)) (VP (BES 'S) (RS (-DFL- \])) (VP (VBG TALKING) (, ,) (ADVP (RB TOO))))))))))))))) (-DFL- E_S)))",monomorphemic,no
26740:63,"i'm not even really sure *ich*-2 at this point in time, you know, what, what programs *t*-1 are out there.",no,yes,no,embedded,no,,,,yes,,,,,what,i,not,,'m,,,,,,*t*-1,,are,there,,,,,"i'm not even really sure *ich*-2 at this point in time, you know, what, what programs *t*-1 are out there.",no,no,,(WDT what),"what, what programs *t*-1 are out there","(TOP (S (NP-SBJ (PRP I)) (VP (VBP 'm) (RB not) (ADVP (RB even)) (ADJP-PRD (RB really) (JJ sure) (SBAR (-NONE- *ICH*-2))) (PP-TMP (IN at) (NP (NP (DT this) (NN point)) (PP (IN in) (NP (NN time))))) (PRN (, ,) (S (NP-SBJ (PRP you)) (VP (VBP know))) (, ,)) (SBAR-2 (EDITED (RM (-DFL- \[)) (WHNP-UNF (WDT what)) (, ,) (IP (-DFL- \+))) (WHNP-1 (WDT what) (RS (-DFL- \])) (NNS programs)) (S (NP-SBJ (-NONE- *T*-1)) (VP (VBP are) (PP-PRD (IN out) (ADVP (RB there))))))) (. .) (-DFL- E_S)))",monomorphemic,no
173016:16,i don't know what you drive *t*-1 now.,no,yes,no,embedded,no,,,,yes,,,,,what,i,n't,,do,know,,,,,you,,drive,now,,,,,i don't know what you drive *t*-1 now.,no,no,,(WP what),what you drive *t*-1 now,(TOP (S (NP-SBJ (PRP I)) (VP (VBP do) (RB n't) (VP (VB know) (SBAR (WHNP-1 (WP what)) (S (NP-SBJ (PRP you)) (VP (VBP drive) (NP (-NONE- *T*-1)) (ADVP-TMP (RB now))))))) (. .) (-DFL- E_S))),monomorphemic,no
169144:66,"but, actually, you know, when you look at, at minneapolis as compared to where i used *-1 to live *t*-2 *t*-3, it's really quite a bit better. uh, because i came from florida",no,yes,no,embedded,no,,,yes,,,,,,where,you,,,,,,compared,,,i,,used,live,,,,where,"you look at, at minneapolis as compared to where i used *-1 to live *t*-2 *t*-3",no,no,,(WRB where),where i used *-1 to live *t*-2,"(TOP (S (CC But) (, ,) (ADVP (RB actually)) (PRN (, ,) (S (NP-SBJ (PRP you)) (VP (VBP know))) (, ,)) (SBAR-TMP (WHADVP-3 (WRB when)) (S (NP-SBJ (PRP you)) (VP (VBP look) (EDITED (RM (-DFL- \[)) (PP-UNF (IN at)) (, ,) (IP (-DFL- \+))) (PP (IN at) (RS (-DFL- \])) (NP (NP (NNP Minneapolis)) (PP (IN as) (PP (VBN compared) (PP (IN to) (SBAR (WHADVP-2 (WRB where)) (S (NP-SBJ-1 (PRP I)) (VP (VBD used) (S (NP-SBJ (-NONE- *-1)) (VP (TO to) (VP (VB live) (ADVP-LOC (-NONE- *T*-2))))))))))))) (ADVP-TMP (-NONE- *T*-3))))) (, ,) (NP-SBJ (PRP it)) (VP (BES 's) (ADVP (RB really)) (ADJP-PRD (NP-ADV (PDT quite) (DT a) (NN bit)) (JJR better)) (. .) (INTJ (UH Uh)) (, ,) (SBAR-PRP (IN because) (S (NP-SBJ (PRP I)) (VP (VBD came) (PP-DIR (IN from) (NP (NNP Florida))))))) (-DFL- E_S)))",monomorphemic,no
169893:18,i'm not real sure how i feel *t*-1 about it because i can see it from two ways.,no,yes,no,embedded,no,,,yes,yes,,,,,how,i,not,,,,sure,,,,i,,feel,,,,,how,i'm not real sure how i feel *t*-1 about it because i can see it from two ways.,no,no,,(WRB how),how i feel *t*-1 about it,(TOP (S (NP-SBJ (PRP I)) (VP (VBP 'm) (RB not) (ADJP-PRD (RB real) (JJ sure) (SBAR (WHADVP-1 (WRB how)) (S (NP-SBJ (PRP I)) (VP (VBP feel) (ADVP-MNR (-NONE- *T*-1)) (PP (IN about) (NP (PRP it))))))) (SBAR-PRP (IN because) (S (NP-SBJ (PRP I)) (VP (MD can) (VP (VB see) (NP (PRP it)) (PP (IN from) (NP (CD two) (NNS ways)))))))) (. .) (-DFL- E_S))),monomorphemic,no
164808:75,and then we have a local rag here in town that i pick *t*-1 up periodically and read *t*-1 *-3 just to see what *t*-2's going on in our little community. because we don't get an awful lot of coverage in the dallas morning news.,no,yes,no,embedded,no,,,,yes,,,,,what,*-3,n't,,have,see,,,,,*t*-2,,'s,going,little,,,what,*-3 just to see what *t*-2's going on in our little community,no,no,,(WP what),what *t*-2's going on in our little community,(TOP (S (CONJP (CC And) (RB then)) (NP-SBJ (PRP we)) (VP (VBP have) (NP (NP (DT a) (JJ local) (NN rag)) (ADVP-LOC (RB here) (PP (IN in) (NP (NN town)))) (SBAR (WHNP-1 (WDT that)) (S (NP-SBJ-3 (PRP I)) (VP (VP (VBP pick) (NP (-NONE- *T*-1)) (PRT (RP up)) (ADVP-TMP (RB periodically))) (CC and) (VP (VBP read) (NP (-NONE- *T*-1)) (S-PRP (NP-SBJ (-NONE- *-3)) (ADVP (RB just)) (VP (TO to) (VP (VB see) (SBAR (WHNP-2 (WP what)) (S (NP-SBJ (-NONE- *T*-2)) (VP (BES 's) (VP (VBG going) (PRT (RP on)) (PP-LOC (IN in) (NP (PRP$ our) (JJ little) (NN community))))))))))) (. .) (SBAR-PRP (IN Because) (S (NP-SBJ (PRP we)) (VP (VBP do) (RB n't) (VP (VB get) (NP (NP (DT an) (JJ awful) (NN lot)) (PP (IN of) (NP (NN coverage)))) (PP-LOC (IN in) (NP (DT the) (NNP DALLAS) (NNP MORNING) (NNP NEWS)))))))))))) (. .) (-DFL- E_S))),monomorphemic,no
105071:22,but now i've gotten to where skiing is just kind of wears me out more than it does thrill me *t*-1.,no,yes,no,embedded,no,,,yes,,,,,more,where,i,,,,,,gotten,,,skiing,,is,just,kind,,,where,but now i've gotten to where skiing is just kind of wears me out more than it does thrill me *t*-1.,no,no,,(WRB where),where skiing is just kind of wears me out more than it does thrill me *t*-1,(TOP (S (CC but) (ADVP-TMP (RB now)) (NP-SBJ (PRP I)) (VP (VBP 've) (VP (VBN gotten) (PP (TO to) (SBAR (WHADVP-1 (WRB where)) (S (NP-SBJ (NN skiing)) (X (VBZ is)) (ADVP (RB just)) (ADVP (RB kind) (RB of)) (VP (VBZ wears) (NP (PRP me)) (PRT (RP out)) (ADVP (ADVP (RBR more)) (SBAR (IN than) (S (NP-SBJ (PRP it)) (VP (VBZ does) (VP (VB thrill) (NP (PRP me))))))) (ADVP (-NONE- *T*-1)))))))) (. .) (-DFL- E_S))),monomorphemic,no
165803:34,"now, i have, know exactly what i'm spending *t*-1",no,yes,no,embedded,no,,,,,,,,,what,i,,,,know,,,,,i,,'m,spending,,,,,"now, i have, know exactly what i'm spending *t*-1",no,no,,(WP what),what i'm spending *t*-1,"(TOP (S (ADVP-TMP (UH Now)) (, ,) (NP-SBJ (PRP I)) (EDITED (RM (-DFL- \[)) (VP-UNF (VBP have)) (, ,) (IP (-DFL- \+))) (VP (VBP know) (RS (-DFL- \])) (ADVP (RB exactly)) (SBAR (WHNP-1 (WP what)) (S (NP-SBJ (PRP I)) (VP (VBP 'm) (VP (VBG spending) (NP (-NONE- *T*-1))))))) (-DFL- E_S)))",monomorphemic,no
95382:33,"either just the lucky or the unlucky one, depending on how you look at it *t*-1.",no,yes,no,embedded,no,,,yes,,,,,,how,,,,,,,depending,,,you,,look,,,,,how,,no,no,,(WRB how),how you look at it *t*-1,"(TOP (FRAG (NP (CC Either) (ADVP (RB just)) (NP (DT the) (JJ lucky)) (CC or) (NP (DT the) (JJ unlucky) (NN one))) (, ,) (PP (VBG depending) (PP (IN on) (SBAR-MNR (WHADVP-1 (WRB how)) (S (NP-SBJ (PRP you)) (VP (VBP look) (PP (IN at) (NP (PRP it))) (ADVP-MNR (-NONE- *T*-1))))))) (. .) (-DFL- E_S)))",monomorphemic,no
170581:16,"i don't know how my, my parents did it *t*-1.",no,yes,no,embedded,no,,,yes,yes,,,,,how,i,n't,,do,know,,,,,my parents,,did,,,,,,"i don't know how my, my parents did it *t*-1.",no,no,,(WRB how),"how my, my parents did it *t*-1","(TOP (S (NP-SBJ (PRP I)) (VP (VBP do) (RB n't) (VP (VB know) (SBAR (WHADVP-1 (WRB how)) (S (EDITED (RM (-DFL- \[)) (NP-SBJ (PRP$ my)) (, ,) (IP (-DFL- \+))) (NP-SBJ (PRP$ my) (RS (-DFL- \])) (NNS parents)) (VP (VBD did) (NP (PRP it)) (ADVP-MNR (-NONE- *T*-1))))))) (. .) (-DFL- E_S)))",monomorphemic,no
19512:11,nobody knows what * to do *t*-1.,no,no,no,embedded,no,,,,,,,,,what,nobody,,,,knows,,,,,*,,do,,,,,,nobody knows what * to do *t*-1.,no,no,,(WP what),what * to do *t*-1,(TOP (S (NP-SBJ (NN Nobody)) (VP (VBZ knows) (SBAR (WHNP-1 (WP what)) (S (NP-SBJ (-NONE- *)) (VP (TO to) (VP (VB do) (NP (-NONE- *T*-1))))))) (. .) (-DFL- E_S))),monomorphemic,no
59082:52,"and, if i'd of probably had three or four children, i don't see how *t*-2 we could have made it, you know, without me working *t*-1.",no,,yes,embedded,no,,,yes,yes,,,,,how,i,n't,,do,see,,,,could,we,,have,made,know,,,,"and, if i'd of probably had three or four children, i don't see how *t*-2 we could have made it, you know, without me working *t*-1.",no,no,,(WRB how),"how *t*-2 we could have made it, you know, without me working *t*-1","(TOP (S (CC and) (, ,) (SBAR-ADV-TPC-2 (IN if) (S (NP-SBJ (PRP I)) (VP (MD 'd) (VP (TYPO (^VB of)) (ADVP (RB probably)) (VP (VBD had) (NP (QP (CD three) (CC or) (CD four)) (NNS children))))))) (, ,) (NP-SBJ (PRP I)) (VP (VBP do) (RB n't) (VP (VB see) (SBAR (WHADVP-1 (WRB how)) (S (SBAR-ADV (-NONE- *T*-2)) (NP-SBJ (PRP we)) (VP (MD could) (VP (VB have) (VP (VBN made) (NP (PRP it)) (PRN (, ,) (S (NP-SBJ (PRP you)) (VP (VBP know))) (, ,)) (PP (IN without) (S-NOM (NP-SBJ (PRP me)) (VP (VBG working)))) (ADVP-MNR (-NONE- *T*-1))))))))) (. .) (-DFL- E_S)))",monomorphemic,no
132062:11,i know where you mean *t*-1.,no,yes,no,embedded,no,,,yes,,,,,,where,i,,,,know,,,,,you,,mean,,,,,,i know where you mean *t*-1.,no,no,,(WRB where),where you mean *t*-1,(TOP (S (NP-SBJ (PRP I)) (VP (VBP know) (SBAR (WHADVP-1 (WRB where)) (S (NP-SBJ (PRP you)) (VP (VBP mean) (FRAG (ADVP-LOC (-NONE- *T*-1))))))) (. .) (-DFL- E_S))),monomorphemic,no
31019:97,"and they just change the title and, uh, and reshot a few parts, you know, where they, yeah, you know, where they could *?* *t*-1.",no,,yes,embedded,no,,,yes,,,,,,where,they,,,,reshot,,,,could,they,,,,,,,,"and they just change the title and, uh, and reshot a few parts, you know, where they, yeah, you know, where they could *?* *t*-1.",no,no,,(WRB where),"where they, yeah, you know, where they could *?* *t*-1","(TOP (S (CC and) (NP-SBJ (PRP they)) (ADVP (RB just)) (VP (VP (VBP change) (NP (DT the) (NN title))) (EDITED (RM (-DFL- \[)) (CC and) (, ,) (IP (-DFL- \+))) (INTJ (UH uh)) (, ,) (CC and) (RS (-DFL- \])) (VP (VBP reshot) (NP (DT a) (JJ few) (NNS parts)) (PRN (, ,) (S (NP-SBJ (PRP you)) (VP (VBP know))) (, ,)) (SBAR-ADV (EDITED (RM (-DFL- \[)) (SBAR (WHADVP (WRB where)) (S-UNF (NP-SBJ (PRP they)))) (, ,) (IP (-DFL- \+))) (INTJ (UH yeah)) (PRN (, ,) (S (NP-SBJ (PRP you)) (VP (VBP know))) (, ,)) (WHADVP-1 (WRB where)) (S (NP-SBJ (PRP they)) (RS (-DFL- \])) (VP (MD could) (VP (-NONE- *?*) (ADVP (-NONE- *T*-1)))))))) (. .) (-DFL- E_S)))",monomorphemic,no
139387:11,* wonder what *t*-1 happens to this little beastie on call waiting or something.,no,yes,no,embedded,no,,,,,,,,call,what,*,,,,wonder,,,,,*t*-1,,happens,little,waiting,,this little beastie,,* wonder what *t*-1 happens to this little beastie on call waiting or something.,no,no,,(WP what),what *t*-1 happens to this little beastie on call waiting or something,(TOP (S (NP-SBJ (-NONE- *)) (VP (VB Wonder) (SBAR (WHNP-1 (WP what)) (S (NP-SBJ (-NONE- *T*-1)) (VP (VBZ happens) (PP (TO to) (NP (DT this) (JJ little) (NN beastie))) (PP (IN on) (NP (NP (NN call) (VBG waiting)) (CC or) (NP (NN something)))))))) (. .) (-DFL- E_S))),monomorphemic,no
98671:43,"but, uh, somebody did it, just for your train of thought where they, they showed something *t*-1",no,yes,no,embedded,no,,,yes,,,,,something,where,somebody,,,,did,,,,,they,,showed,,,,,,"but, uh, somebody did it, just for your train of thought where they, they showed something *t*-1",no,no,,(WRB where),"where they, they showed something *t*-1","(TOP (S (CC but) (, ,) (INTJ (UH uh)) (, ,) (NP-SBJ (NN somebody)) (VP (VBD did) (NP (PRP it)) (, ,) (PP (ADVP (RB just)) (IN for) (NP (NP (PRP$ your) (NN train)) (PP (IN of) (NP (NN thought))))) (SBAR-ADV (WHADVP-1 (WRB where)) (S (EDITED (RM (-DFL- \[)) (NP-SBJ (PRP they)) (, ,) (IP (-DFL- \+))) (NP-SBJ (PRP they)) (RS (-DFL- \])) (VP (VBD showed) (NP (NN something)) (ADVP (-NONE- *T*-1)))))) (-DFL- E_S)))",monomorphemic,no
12156:37,"other than that i'm not sure what, what individuals can do *t*-1 other than like i said *-2 get involved *-3 through a group or an organization.",no,,yes,embedded,no,,,,yes,,,,,what,i,not,,,,sure,,,can,individuals,,do,other,said,,a group or an organization,what,"other than that i'm not sure what, what individuals can do *t*-1 other than like i said *-2 get involved *-3 through a group or an organization.",no,no,,(WP what),"what, what individuals can do *t*-1 other than like i said *-2 get involved *-3 through a group or an organization","(TOP (S (ADVP (RB Other) (PP (IN than) (NP (DT that)))) (NP-SBJ (PRP I)) (VP (VBP 'm) (RB not) (ADJP-PRD (JJ sure) (SBAR (EDITED (RM (-DFL- \[)) (WHNP (WP what)) (, ,) (IP (-DFL- \+))) (WHNP-1 (WP what)) (RS (-DFL- \])) (S (NP-SBJ-2 (NNS individuals)) (VP (MD can) (VP (VB do) (NP (-NONE- *T*-1)) (ADVP (RB other) (SBAR (IN than) (SBAR-ADV (IN like) (S (NP-SBJ (PRP I)) (VP (VBD said)))) (S (NP-SBJ-3 (-NONE- *-2)) (VP (VB get) (VP (VBN involved) (NP (-NONE- *-3)) (PP (IN through) (NP (NP (DT a) (NN group)) (CC or) (NP (DT an) (NN organization))))))))))))))) (. .) (-DFL- E_S)))",monomorphemic,no
100193:19,"i just don't understand why they, so much want *-1 to just stay in that building *t*-2.",no,yes,no,embedded,no,,,yes,yes,,,,,why,i,n't,,do,understand,,,,,they,,want,just,stay,,that building,,"i just don't understand why they, so much want *-1 to just stay in that building *t*-2.",no,no,,(WRB why),"why they, so much want *-1 to just stay in that building *t*-2","(TOP (S (NP-SBJ (PRP I)) (ADVP (RB just)) (VP (VBP do) (RB n't) (VP (VB understand) (SBAR (WHADVP-2 (WRB why)) (S (NP-SBJ-1 (PRP they)) (, ,) (ADVP (RB so) (RB much)) (VP (VBP want) (S (NP-SBJ (-NONE- *-1)) (VP (TO to) (ADVP (RB just)) (VP (VB stay) (PP-LOC (IN in) (NP (DT that) (NN building))) (ADVP-PRP (-NONE- *T*-2)))))))))) (. .) (-DFL- E_S)))",monomorphemic,no
146842:67,"and, uh, i just look at it, 0 i don't want my grandchildren looking at me and saying why didn't you do something *t*-1.",no,yes,no,embedded,no,yes,,yes,yes,yes,,,something,why,my grandchildren,n't,,do,saying,,,,,you,n't,did,n't,do,,,,my grandchildren looking at me and saying why didn't you do something *t*-1,no,no,,(WRB why),why didn't you do something *t*-1,"(TOP (S (CC And) (, ,) (INTJ (UH uh)) (, ,) (NP-SBJ (PRP I)) (ADVP (RB just)) (VP (VBP look) (PP (IN at) (NP (PRP it))) (, ,) (SBAR-MNR (-NONE- 0) (S (NP-SBJ (PRP I)) (VP (VBP do) (RB n't) (VP (VB want) (S (NP-SBJ (PRP$ my) (NNS grandchildren)) (VP (VP (VBG looking) (PP (IN at) (NP (PRP me)))) (CC and) (VP (VBG saying) (SBARQ-SEZ (WHADVP-1 (WRB why)) (SQ (VBD did) (RB n't) (NP-SBJ (PRP you)) (VP (VB do) (NP (NN something)) (ADVP-PRP (-NONE- *T*-1))))))))))))) (. .) (-DFL- E_S)))",monomorphemic,no
177290:100,"so there's, uh, there's a lot 0 *t*-1 to be said *-4 for * having a steady stream of people who *t*-2 know how it is *t*-3 someplace else coming in.",no,yes,no,embedded,no,,,yes,,,,,someplace,how,*t*-2,,,'s,know,,,,,it,,is,someplace,else,,,how,*t*-2 know how it is *t*-3 someplace else,no,no,,(WRB how),how it is *t*-3 someplace else,"(TOP (S (RB So) (EDITED (RM (-DFL- \[)) (S (NP-SBJ (EX there)) (VP-UNF (BES 's))) (, ,) (IP (-DFL- \+))) (INTJ (UH uh)) (, ,) (NP-SBJ (EX there)) (VP (BES 's) (RS (-DFL- \])) (NP-PRD (NP (DT a) (NN lot)) (SBAR (WHNP-1 (-NONE- 0)) (S (NP-SBJ-4 (-NONE- *T*-1)) (VP (TO to) (VP (VB be) (VP (VBN said) (NP (-NONE- *-4)) (PP (IN for) (S-NOM (NP-SBJ (-NONE- *)) (VP (VBG having) (S (NP-SBJ (NP (DT a) (JJ steady) (NN stream)) (PP (IN of) (NP (NP (NNS people)) (SBAR (WHNP-2 (WP who)) (S (NP-SBJ (-NONE- *T*-2)) (VP (VBP know) (SBAR (WHADVP-3 (WRB how)) (S (NP-SBJ (PRP it)) (VP (VBZ is) (ADVP-MNR-PRD (-NONE- *T*-3)) (NP-LOC (NP (RB someplace)) (ADVP (RB else)))))))))))) (VP (VBG coming) (ADVP-DIR (RB in)))))))))))))) (. .) (-DFL- E_S)))",monomorphemic,no
104062:11,i wonder where they dump that *t*-1.,no,yes,no,embedded,no,,,yes,,,,,,where,i,,,,wonder,,,,,they,,dump,,,,that,,i wonder where they dump that *t*-1.,no,no,,(WRB where),where they dump that *t*-1,(TOP (S (NP-SBJ (PRP I)) (VP (VBP wonder) (SBAR (WHADVP-1 (WRB where)) (S (NP-SBJ (PRP they)) (VP (VBP dump) (NP (DT that)) (ADVP-LOC (-NONE- *T*-1)))))) (. .) (-DFL- E_S))),monomorphemic,no
166504:44,"well, i can see, i can see definitely how you get into that *t*-1.",no,yes,no,embedded,no,,,yes,,,,,,how,i,,,can,see,,,,,you,,get,,,,that,,"well, i can see, i can see definitely how you get into that *t*-1.",no,no,,(WRB how),how you get into that *t*-1,"(TOP (S (INTJ (UH Well)) (, ,) (EDITED (RM (-DFL- \[)) (S (NP-SBJ (PRP I)) (VP (MD can) (VP-UNF (VB see)))) (, ,) (IP (-DFL- \+))) (NP-SBJ (PRP I)) (VP (MD can) (VP (VB see) (RS (-DFL- \])) (ADVP (RB definitely)) (SBAR (WHADVP-1 (WRB how)) (S (NP-SBJ (PRP you)) (VP (VBP get) (PP (IN into) (NP (DT that))) (ADVP-MNR (-NONE- *T*-1))))))) (. .) (-DFL- E_S)))",monomorphemic,no
13670:104,"so, i, i don't, i, i guess 0 we'll have *-1 to see another generation *-2 to see what differences a child being brought *t*-3 up, you know, in a, uh, kind of a, uh, community, rather than a home.",no,yes,no,embedded,no,,,,yes,,,,,what,*-2,another,,'ll,see,,,,,,,being,brought,know,,a child,,"*-2 to see what differences a child being brought *t*-3 up, you know, in a, uh, kind of a, uh, community, rather than a home",no,no,,(WP what),"what differences a child being brought *t*-3 up, you know, in a, uh, kind of a, uh, community, rather than a home","(TOP (S (RB So) (, ,) (EDITED (RM (-DFL- \[)) (EDITED (RM (-DFL- \[)) (NP-SBJ (PRP I)) (, ,) (IP (-DFL- \+))) (S (NP-SBJ (PRP I)) (VP-UNF (VBP do) (RB n't))) (, ,) (RS (-DFL- \])) (IP (-DFL- \+))) (EDITED (RM (-DFL- \[)) (NP-SBJ (PRP I)) (, ,) (IP (-DFL- \+))) (NP-SBJ (PRP I)) (RS (-DFL- \])) (VP (VBP guess) (RS (-DFL- \])) (SBAR (-NONE- 0) (S (NP-SBJ-1 (PRP we)) (VP (MD 'll) (VP (VB have) (S (NP-SBJ-2 (-NONE- *-1)) (VP (TO to) (VP (VB see) (NP (DT another) (NN generation))))) (S-PRP (NP-SBJ (-NONE- *-2)) (VP (TO to) (VP (VB see) (SBAR (WHNP (WP what) (NNS differences)) (S-UNF (S-NOM-SBJ (NP-TPC-3 (DT a) (NN child)) (VP (VBG being) (VP (VBN brought) (NP (-NONE- *T*-3)) (PRT (RP up)) (PRN (, ,) (S (NP-SBJ (PRP you)) (VP (VBP know))) (, ,)) (PP-LOC (IN in) (EDITED (RM (-DFL- \[)) (NP-UNF (DT a)) (, ,) (IP (-DFL- \+))) (INTJ (UH uh)) (, ,) (ADVP (RB kind) (RB of)) (NP (NP (DT a) (, ,) (RS (-DFL- \])) (INTJ (UH uh)) (, ,) (NN community)) (, ,) (CONJP (IN rather) (IN than)) (NP (DT a) (NN home))))))))))))))))) (. .) (-DFL- E_S)))",monomorphemic,no
136875:21,"you're kind of like, what are you talking about *t*-1",no,yes,no,embedded,no,yes,,,,,,,,what,you,,,'re,,,,,,you,,are,talking,,,,,"you're kind of like, what are you talking about *t*-1",no,no,,(WP what),what are you talking about *t*-1,"(TOP (S (NP-SBJ (PRP You)) (VP (VBP 're) (ADVP (RB kind) (RB of)) (INTJ (IN like)) (, ,) (SBARQ-SEZ (WHNP-1 (WP what)) (SQ (VBP are) (NP-SBJ (PRP you)) (VP (VBG talking) (PP (IN about) (NP (-NONE- *T*-1))))))) (-DFL- E_S)))",monomorphemic,no
110313:14,"i can see where you would think,",no,,yes,embedded,no,,,yes,,,,,,where,i,,,can,see,,,,would,you,,think,,,,,,"i can see where you would think,",no,no,,(WRB where),where you would think,"(TOP (S (NP-SBJ (PRP I)) (VP (MD can) (VP (VB see) (SBAR (WHADVP (WRB where)) (S (NP-SBJ (PRP you)) (VP (MD would) (VP-UNF (VB think))))))) (, ,) (-DFL- E_S)))",monomorphemic,no
86958:16,i do not know what it really will take *t*-1.,no,,yes,embedded,no,,,,yes,,,,,what,i,not,,do,know,,,,will,it,,take,,,,,,i do not know what it really will take *t*-1.,no,no,,(WP what),what it really will take *t*-1,(TOP (S (NP-SBJ (PRP I)) (VP (VBP do) (RB not) (VP (VB know) (SBAR (WHNP-1 (WP what)) (S (NP-SBJ (PRP it)) (ADVP (RB really)) (VP (MD will) (VP (VB take) (NP (-NONE- *T*-1)))))))) (. .) (-DFL- E_S))),monomorphemic,no
52598:15,"but, i know what you're saying *t*-1, uh,",no,yes,no,embedded,no,,,,,,,,,what,i,,,,know,,,,,you,,'re,saying,,,,,"but, i know what you're saying *t*-1, uh,",no,no,,(WP what),what you're saying *t*-1,"(TOP (S (CC but) (, ,) (NP-SBJ (PRP I)) (VP (VBP know) (SBAR (WHNP-1 (WP what)) (S (NP-SBJ (PRP you)) (VP (VBP 're) (VP (VBG saying) (NP (-NONE- *T*-1)))))) (, ,) (INTJ (UH uh))) (, ,) (-DFL- E_S)))",monomorphemic,no
56148:56,"so um, you know, i, i wonder sometimes if he knows what he's doing *t*-1.",no,yes,no,embedded,no,,,,,,,,,what,he,,,,knows,,,,,he,,'s,doing,,,,,he knows what he's doing *t*-1,no,no,,(WP what),what he's doing *t*-1,"(TOP (S (RB so) (INTJ (UH um)) (PRN (, ,) (S (NP-SBJ (PRP you)) (VP (VBP know))) (, ,)) (EDITED (RM (-DFL- \[)) (NP-SBJ (PRP I)) (, ,) (IP (-DFL- \+))) (NP-SBJ (PRP I)) (RS (-DFL- \])) (VP (VBP wonder) (ADVP-TMP (RB sometimes)) (SBAR (IN if) (S (NP-SBJ (PRP he)) (VP (VBZ knows) (SBAR (WHNP-1 (WP what)) (S (NP-SBJ (PRP he)) (VP (BES 's) (VP (VBG doing) (NP (-NONE- *T*-1)))))))))) (. .) (-DFL- E_S)))",monomorphemic,no
97332:39,"we are just going *-1 to have, *-2 to see how things work out *t*-3.",no,yes,no,embedded,no,,,yes,,,,,,how,*-2,,,are,see,,,,,things,,work,,,,,,*-2 to see how things work out *t*-3,no,no,,(WRB how),how things work out *t*-3,"(TOP (S (NP-SBJ-1 (PRP We)) (VP (VBP are) (ADVP (RB just)) (VP (VBG going) (S (NP-SBJ-2 (-NONE- *-1)) (VP (TO to) (VP (VB have) (, ,) (S (NP-SBJ (-NONE- *-2)) (VP (TO to) (VP (VB see) (SBAR (WHADVP-3 (WRB how)) (S (NP-SBJ (NNS things)) (VP (VBP work) (PRT (RP out)) (ADVP-MNR (-NONE- *T*-3))))))))))))) (. .) (-DFL- E_S)))",monomorphemic,no
28461:59,so i ended up *-1 taking on the load of *-2 making * sure 0 everybody knows what they're doing *t*-3,no,yes,no,embedded,no,,,,,,,,,what,everybody,,,,knows,,,,,they,,'re,doing,,,,what,everybody knows what they're doing *t*-3,no,no,,(WP what),what they're doing *t*-3,(TOP (S (RB so) (NP-SBJ-1 (PRP I)) (VP (VBD ended) (PRT (RP up)) (S (NP-SBJ-2 (-NONE- *-1)) (VP (VBG taking) (PRT (RP on)) (NP (NP (DT the) (NN load)) (PP (IN of) (S-NOM (NP-SBJ (-NONE- *-2)) (VP (VBG making) (S (NP-SBJ (-NONE- *)) (ADJP-PRD (JJ sure) (SBAR (-NONE- 0) (S (NP-SBJ (NN everybody)) (VP (VBZ knows) (SBAR (WHNP-3 (WP what)) (S (NP-SBJ (PRP they)) (VP (VBP 're) (VP (VBG doing) (NP (-NONE- *T*-3)))))))))))))))))) (-DFL- E_S))),monomorphemic,no
37899:25,"and * think what, what's it going *-1 to be like *t*-2 for my, my youngest, an my oldest son, when he goes to school *t*-3.",no,yes,no,embedded,no,yes,,,,,,,,what,*,,,,think,,,,,it,,'s,going,be,,,,"and * think what, what's it going *-1 to be like *t*-2 for my, my youngest, an my oldest son, when he goes to school *t*-3.",no,no,,(WP what),"what, what's it going *-1 to be like *t*-2 for my, my youngest, an my oldest son, when he goes to school *t*-3","(TOP (S-IMP (CC and) (NP-SBJ (-NONE- *)) (VP (VBP think) (SBARQ (EDITED (RM (-DFL- \[)) (WHNP (WP what)) (, ,) (IP (-DFL- \+))) (WHNP-2 (WP what)) (SQ (BES 's) (RS (-DFL- \])) (NP-SBJ-1 (PRP it)) (VP (VBG going) (S (NP-SBJ (-NONE- *-1)) (VP (TO to) (VP (VB be) (PP-PRD (IN like) (NP (-NONE- *T*-2))) (PP (IN for) (EDITED (RM (-DFL- \[)) (EDITED (RM (-DFL- \[)) (NP-UNF (PRP$ my)) (, ,) (IP (-DFL- \+))) (NP-UNF (PRP$ my) (JJS youngest)) (, ,) (RS (-DFL- \])) (IP (-DFL- \+))) (EDITED (RM (-DFL- \[)) (^CC an) (IP (-DFL- \+)) (RS (-DFL- \]))) (NP (PRP$ my) (JJS oldest) (RS (-DFL- \])) (NN son))) (, ,) (SBAR-TMP (WHADVP-3 (WRB when)) (S (NP-SBJ (PRP he)) (VP (VBZ goes) (PP (IN to) (NP (NN school))) (ADVP-TMP (-NONE- *T*-3)))))))))))) (. .) (-DFL- E_S)))",monomorphemic,no
21434:18,"and you always wonder, why they don't, you know, get together or whatever *t*-1.",no,yes,no,embedded,no,,,yes,yes,yes,,,,why,you,n't,,,wonder,,,,,they,n't,do,n't,know,,whatever,,"and you always wonder, why they don't, you know, get together or whatever *t*-1.",no,no,,(WRB why),"why they don't, you know, get together or whatever *t*-1","(TOP (S (CC and) (NP-SBJ (PRP you)) (ADVP-TMP (RB always)) (VP (VBP wonder) (, ,) (SBAR (WHADVP-1 (WRB why)) (S (NP-SBJ (PRP they)) (VP (VBP do) (RB n't) (PRN (, ,) (S (NP-SBJ (PRP you)) (VP (VBP know))) (, ,)) (VP (VP (VB get) (ADVP (RB together))) (CC or) (NP-ETC (WDT whatever)) (ADVP-PRP (-NONE- *T*-1))))))) (. .) (-DFL- E_S)))",monomorphemic,no
63378:29,"and then you end up with a decimal, where you start *-1 getting into mils, and that sort of thing *t*-2.",no,yes,no,embedded,no,,,yes,,,,,,where,you,,,,end,,,,,you,,start,getting,,,"mils, and that sort of thing",,"and then you end up with a decimal, where you start *-1 getting into mils, and that sort of thing *t*-2.",no,no,,(WRB where),"where you start *-1 getting into mils, and that sort of thing *t*-2","(TOP (S (CONJP (CC And) (RB then)) (NP-SBJ (PRP you)) (VP (VBP end) (PRT (RP up)) (PP (IN with) (NP (DT a) (NN decimal))) (, ,) (SBAR-ADV (WHADVP-2 (WRB where)) (S (NP-SBJ-1 (PRP you)) (VP (VBP start) (S (NP-SBJ (-NONE- *-1)) (VP (VBG getting) (PP (IN into) (NP (NP (NNS mils)) (, ,) (CC and) (NP (NP (DT that) (NN sort)) (PP (IN of) (NP (NN thing)))))) (ADVP (-NONE- *T*-2)))))))) (. .) (-DFL- E_S)))",monomorphemic,no
147597:18,but they wouldn't know what they're doing *t*-1.,no,yes,no,embedded,no,,,,yes,,,,,what,they,n't,,would,know,,,,,they,,'re,doing,,,,,but they wouldn't know what they're doing *t*-1.,no,no,,(WP what),what they're doing *t*-1,(TOP (S (CC But) (NP-SBJ (PRP they)) (VP (MD would) (RB n't) (VP (VB know) (SBAR (WHNP-1 (WP what)) (S (NP-SBJ (PRP they)) (VP (VBP 're) (VP (VBG doing) (NP (-NONE- *T*-1)))))))) (. .) (-DFL- E_S))),monomorphemic,no
55650:18,so i'm very limited what i do *t*-1.,no,yes,no,embedded,no,,,,,,,,,what,i,,,'m,,,,,,i,,do,,,,,,so i'm very limited what i do *t*-1.,no,no,,(WP what),what i do *t*-1,(TOP (S (RB so) (NP-SBJ (PRP I)) (VP (VBP 'm) (ADJP-PRD (RB very) (JJ limited)) (SBAR-ADV (WHNP-1 (WP what)) (S (NP-SBJ (PRP I)) (VP (VBP do) (NP (-NONE- *T*-1)))))) (. .) (-DFL- E_S))),monomorphemic,no
127857:21,"well, i don't see how he couldn't be, *?* *t*-1 you know.",no,,yes,embedded,no,,,yes,yes,,,,,how,i,n't,,do,see,,,,could,he,,be,,,,,,"well, i don't see how he couldn't be, *?* *t*-1 you know.",no,no,,(WRB how),"how he couldn't be, *?* *t*-1","(TOP (S (INTJ (UH Well)) (, ,) (NP-SBJ (PRP I)) (VP (VBP do) (RB n't) (VP (VB see) (SBAR (WHADVP-1 (WRB how)) (S (NP-SBJ (PRP he)) (VP (MD could) (RB n't) (VP (VB be) (, ,) (ADJP-PRD (-NONE- *?*)) (ADVP-MNR (-NONE- *T*-1)))))) (PRN (S (NP-SBJ (PRP you)) (VP (VBP know)))))) (. .) (-DFL- E_S)))",monomorphemic,no
40750:40,"so stuff like that *ich*-3 is starting *-1 to come along where it's really, getting fun *t*-2, you know.",no,yes,no,embedded,no,,,yes,,,,,really,where,stuff like that *ich*-3,,,is,starting,,,,,it,,'s,really,getting,,,,"so stuff like that *ich*-3 is starting *-1 to come along where it's really, getting fun *t*-2, you know.",no,no,,(WRB where),"where it's really, getting fun *t*-2","(TOP (S (RB so) (NP-SBJ-1 (NP (NP (NN stuff)) (PP (IN like) (NP (DT that)))) (SBAR (-NONE- *ICH*-3))) (VP (VBZ is) (VP (VBG starting) (S (NP-SBJ (-NONE- *-1)) (VP (TO to) (VP (VB come) (ADVP (RP along))))) (SBAR-3 (WHADVP-2 (WRB where)) (S (NP-SBJ (PRP it)) (VP (BES 's) (ADVP (RB really)) (, ,) (VP (VBG getting) (ADJP-PRD (JJ fun)) (ADVP-LOC (-NONE- *T*-2)))))) (PRN (, ,) (S (NP-SBJ (PRP you)) (VP (VBP know)))))) (. .) (-DFL- N_S)))",monomorphemic,no
61922:55,"and and it puts me right up-to-date what i'm, what i have *-1 to do *t*-2, what i have *-3 to ship *t*-4, what i should be expecting *t*-5 to be returned *-7.",yes,yes,no,embedded,no,,,,,,,,,what,it,,,,,up-to-date,,,,i,,have,do,,,,what,"and and it puts me right up-to-date what i'm, what i have *-1 to do *t*-2, what i have *-3 to ship *t*-4, what i should be expecting *t*-5 to be returned *-7.",no,no,,(WP what),"what i'm, what i have *-1 to do *t*-2","(TOP (S (EDITED (RM (-DFL- \[)) (CC and) (IP (-DFL- \+))) (CC and) (RS (-DFL- \])) (NP-SBJ (PRP it)) (VP (VBZ puts) (S (NP-SBJ (PRP me)) (ADJP-PRD (ADVP (RB right)) (JJ up-to-date) (SBAR-ADV (EDITED (RM (-DFL- \[)) (SBAR (WHNP (WP what)) (S (NP-SBJ (PRP I)) (VP-UNF (VBP 'm)))) (, ,) (IP (-DFL- \+))) (WHNP-2 (WP what)) (S (NP-SBJ-1 (PRP I)) (VP (VBP have) (S (NP-SBJ (-NONE- *-1)) (VP (TO to) (VP (VB do) (NP (-NONE- *T*-2)))))))) (, ,) (RS (-DFL- \])) (SBAR-ADV (WHNP-4 (WP what)) (S (NP-SBJ-3 (PRP I)) (VP (VBP have) (S (NP-SBJ (-NONE- *-3)) (VP (TO to) (VP (VB ship) (NP (-NONE- *T*-4)))))))) (, ,) (SBAR-ADV (WHNP-5 (WP what)) (S (NP-SBJ (PRP I)) (VP (MD should) (VP (VB be) (VP (VBG expecting) (S (NP-SBJ-7 (-NONE- *T*-5)) (VP (TO to) (VP (VB be) (VP (VBN returned) (NP (-NONE- *-7)))))))))))))) (. .) (-DFL- E_S)))",monomorphemic,no
40149:29,"i, maybe i misunderstood what they meant *t*-1.",no,yes,no,embedded,no,,,,,,,,,what,i,,,misunderstood,,,,,,they,,meant,,,,,,"i, maybe i misunderstood what they meant *t*-1.",no,no,,(WP what),what they meant *t*-1,"(TOP (S (EDITED (RM (-DFL- \[)) (NP-SBJ (PRP I)) (, ,) (IP (-DFL- \+))) (ADVP (RB maybe)) (NP-SBJ (PRP I)) (RS (-DFL- \])) (VP (VBD misunderstood) (SBAR (WHNP-1 (WP what)) (S (NP-SBJ (PRP they)) (VP (VBD meant) (NP (-NONE- *T*-1)))))) (. .) (-DFL- E_S)))",monomorphemic,no
84947:19,i mean you know what it's like *t*-1 here.,no,yes,no,embedded,no,,,,,,,,,what,you,,,,know,,,,,it,,'s,here,,,,,i mean you know what it's like *t*-1 here.,no,no,,(WP what),what it's like *t*-1 here,(TOP (S (PRN (S (NP-SBJ (PRP I)) (VP (VBP mean)))) (NP-SBJ (PRP you)) (VP (VBP know) (SBAR (WHNP-1 (WP what)) (S (NP-SBJ (PRP it)) (VP (BES 's) (PP-PRD (IN like) (NP (-NONE- *T*-1))) (ADVP-LOC (RB here)))))) (. .) (-DFL- N_S))),monomorphemic,no
126139:53,"and i don't think 0 they're going *-1 to call me and ask me how it's functioning *t*-2,",no,yes,no,embedded,no,yes,,yes,yes,,,,,how,*-1,n't,,'re,ask,,,,,it,,'s,functioning,,,,,they're going *-1 to call me and ask me how it's functioning *t*-2,no,no,,(WRB how),how it's functioning *t*-2,"(TOP (S (CC And) (NP-SBJ (PRP I)) (VP (VBP do) (RB n't) (VP (VB think) (SBAR (-NONE- 0) (S (NP-SBJ-1 (PRP they)) (VP (VBP 're) (VP (VBG going) (S (NP-SBJ (-NONE- *-1)) (VP (TO to) (VP (VP (VB call) (NP (PRP me))) (CC and) (VP (VB ask) (NP (PRP me)) (SBARQ (WHADVP-2 (WRB how)) (SQ (NP-SBJ (PRP it)) (VP (BES 's) (VP (VBG functioning) (ADVP-MNR (-NONE- *T*-2)))))))))))))))) (, ,) (-DFL- E_S)))",monomorphemic,no
153846:31,"and it's just, 0 you never know who *t*-1 is out there.",no,yes,no,embedded,no,,,,,,,,,who,you,,,'s,know,,,,,*t*-1,,is,there,,,,,you never know who *t*-1 is out there,no,no,,(WP who),who *t*-1 is out there,"(TOP (S (CC and) (NP-SBJ (PRP it)) (VP (BES 's) (ADVP (RB just)) (, ,) (SBAR-PRD (-NONE- 0) (S (NP-SBJ (PRP you)) (ADVP-TMP (RB never)) (VP (VBP know) (SBAR (WHNP-1 (WP who)) (S (NP-SBJ (-NONE- *T*-1)) (VP (VBZ is) (PP-LOC-PRD (IN out) (ADVP (RB there)))))))))) (. .) (-DFL- E_S)))",monomorphemic,no
45129:143,"and it took me, i mean it *exp*-3 took such courage 0 you wouldn't believe *t*-1 * to go *-4 vote the first time because i was waiting for somebody to laugh at me because i didn't know how * to work the machines *t*-2.",no,no,no,embedded,no,,,yes,yes,,,,,how,i,n't,,was,know,,,,,*,,work,,,,the machines,,i didn't know how * to work the machines *t*-2,no,no,,(WRB how),how * to work the machines *t*-2,"(TOP (S (CC And) (EDITED (RM (-DFL- \[)) (S (NP-SBJ (PRP it)) (VP (VBD took) (NP (PRP me)))) (, ,) (IP (-DFL- \+))) (PRN (S (NP-SBJ (PRP I)) (VP (VBP mean)))) (NP-SBJ (NP (PRP it)) (S (-NONE- *EXP*-3))) (VP (VBD took) (RS (-DFL- \])) (NP (NP (JJ such) (NN courage)) (SBAR (WHNP-1 (-NONE- 0)) (S (NP-SBJ (PRP you)) (VP (MD would) (RB n't) (VP (VB believe) (NP (-NONE- *T*-1))))))) (S-3 (NP-SBJ-4 (-NONE- *)) (VP (TO to) (VP (VB go) (S (NP-SBJ (-NONE- *-4)) (VP (VB vote) (NP-TMP (DT the) (JJ first) (NN time))))))) (SBAR-PRP (IN because) (S (NP-SBJ (PRP I)) (VP (VBD was) (VP (VBG waiting) (SBAR (IN for) (S (NP-SBJ (NN somebody)) (VP (TO to) (VP (VB laugh) (PP (IN at) (NP (PRP me))) (SBAR-PRP (IN because) (S (NP-SBJ (PRP I)) (VP (VBD did) (RB n't) (VP (VB know) (SBAR (WHADVP-2 (WRB how)) (S (NP-SBJ (-NONE- *)) (VP (TO to) (VP (VB work) (NP (DT the) (NNS machines)) (ADVP-MNR (-NONE- *T*-2))))))))))))))))))) (. .) (-DFL- E_S)))",monomorphemic,no
45506:29,"i have *-1 to be real careful about where i put things *t*-2,",no,yes,no,embedded,no,,,yes,,,,,,where,*-1,,,,,,careful,,,i,,put,,,,,where,*-1 to be real careful about where i put things *t*-2,no,no,,(WRB where),where i put things *t*-2,"(TOP (S (NP-SBJ-1 (PRP I)) (VP (VBP have) (S (NP-SBJ (-NONE- *-1)) (VP (TO to) (VP (VB be) (ADJP-PRD (RB real) (JJ careful) (PP (IN about) (SBAR (WHADVP-2 (WRB where)) (S (NP-SBJ (PRP I)) (VP (VBP put) (NP (NNS things)) (ADVP-PUT (-NONE- *T*-2))))))))))) (, ,) (-DFL- E_S)))",monomorphemic,no
80925:99,"we were just, when, when the topic came up *t*-1, we, i was asking my husband right quick, what's the last movies 0 we saw *t*-2 *t*-3.",no,yes,no,embedded,no,yes,,,,,,,,what,i,,,was,asking,,,,,the last movies 0 we saw *t*-2,,'s,last,saw,the last movies 0 we saw *t*-2,the last movies 0 we saw *t*-2,,"we were just, when, when the topic came up *t*-1, we, i was asking my husband right quick, what's the last movies 0 we saw *t*-2 *t*-3.",no,no,,(WP what),what's the last movies 0 we saw *t*-2 *t*-3,"(TOP (S (EDITED (RM (-DFL- \[)) (S (NP-SBJ (PRP we)) (VP-UNF (VBD were) (ADVP (RB just)))) (, ,) (IP (-DFL- \+))) (SBAR-TMP (EDITED (RM (-DFL- \[)) (WHADVP (WRB when)) (, ,) (IP (-DFL- \+))) (WHADVP-1 (WRB when)) (RS (-DFL- \])) (S (NP-SBJ (DT the) (NN topic)) (VP (VBD came) (PRT (RP up)) (ADVP-TMP (-NONE- *T*-1))))) (, ,) (EDITED (RM (-DFL- \[)) (NP-SBJ (PRP we)) (, ,) (IP (-DFL- \+))) (NP-SBJ (PRP I)) (RS (-DFL- \])) (VP (VBD was) (RS (-DFL- \])) (VP (VBG asking) (NP (PRP$ my) (NN husband)) (ADVP (RB right) (RB quick)) (, ,) (SBARQ-SEZ (WHNP-3 (WP what)) (SQ (BES 's) (NP-SBJ (NP (DT the) (JJ last) (NNS movies)) (SBAR (WHNP-2 (-NONE- 0)) (S (NP-SBJ (PRP we)) (VP (VBD saw) (NP (-NONE- *T*-2)))))) (NP-PRD (-NONE- *T*-3)))))) (. .) (-DFL- E_S)))",monomorphemic,no
6889:11,"i see how they were organized *-1 in, central and south america *t*-2",no,yes,no,embedded,no,,,yes,,,,,,how,i,,,,see,,,,,they,,were,organized,,,,,"i see how they were organized *-1 in, central and south america *t*-2",no,no,,(WRB how),"how they were organized *-1 in, central and south america *t*-2","(TOP (S (NP-SBJ (PRP I)) (VP (VBP see) (SBAR (WHADVP-2 (WRB how)) (S (NP-SBJ-1 (PRP they)) (VP (VBD were) (VP (VBN organized) (NP (-NONE- *-1)) (PP-LOC (IN in) (, ,) (NP (UCP (NNP Central) (CC and) (NNP South)) (NNP America))) (ADVP-MNR (-NONE- *T*-2))))))) (-DFL- E_S)))",monomorphemic,no
76802:22,"an awful lot of people know where it is *t*-1, or have been there.",no,yes,no,embedded,no,,,yes,,,,,,where,an awful lot of people,,,,know,,,,,it,,is,have,been,,,,"an awful lot of people know where it is *t*-1, or have been there.",no,no,,(WRB where),"where it is *t*-1, or have been there","(TOP (S (NP-SBJ (NP (DT an) (JJ awful) (NN lot)) (PP (IN of) (NP (NNS people)))) (VP (VBP know) (SBAR (WHADVP-1 (WRB where)) (S (NP-SBJ (PRP it)) (VP (VP (VBZ is) (ADVP-LOC-PRD (-NONE- *T*-1))) (, ,) (CC or) (VP (VBP have) (VP (VBN been) (ADVP-LOC-PRD (RB there)))))))) (. .) (-DFL- E_S)))",monomorphemic,no
120943:34,"i, i really don't know what they do *t*-1.",no,yes,no,embedded,no,,,,yes,,,,,what,i,n't,,do,know,,,,,they,,do,,,,,,"i, i really don't know what they do *t*-1.",no,no,,(WP what),what they do *t*-1,"(TOP (S (EDITED (RM (-DFL- \[)) (NP-SBJ (PRP I)) (, ,) (IP (-DFL- \+))) (NP-SBJ (PRP I)) (RS (-DFL- \])) (ADVP (RB really)) (VP (VBP do) (RB n't) (VP (VB know) (SBAR (WHNP-1 (WP what)) (S (NP-SBJ (PRP they)) (VP (VBP do) (NP (-NONE- *T*-1))))))) (. .) (-DFL- E_S)))",monomorphemic,no
58645:18,my dad wouldn't know what * to do *t*-1.,no,no,no,embedded,no,,,,yes,,,,,what,my dad,n't,,would,know,,,,,*,,do,,,,,,my dad wouldn't know what * to do *t*-1.,no,no,,(WP what),what * to do *t*-1,(TOP (S (NP-SBJ (PRP$ My) (NN dad)) (VP (MD would) (RB n't) (VP (VB know) (SBAR (WHNP-1 (WP what)) (S (NP-SBJ (-NONE- *)) (VP (TO to) (VP (VB do) (NP (-NONE- *T*-1)))))))) (. .) (-DFL- E_S))),monomorphemic,no
151728:33,"so i, i kind of know how * to do these things *t*-1.",no,no,no,embedded,no,,,yes,,,,,,how,i,,,,know,,,,,*,,do,,,,these things,,"so i, i kind of know how * to do these things *t*-1.",no,no,,(WRB how),how * to do these things *t*-1,"(TOP (S (RB so) (EDITED (RM (-DFL- \[)) (NP-SBJ (PRP I)) (, ,) (IP (-DFL- \+))) (NP-SBJ (PRP I)) (RS (-DFL- \])) (ADVP (RB kind) (RB of)) (VP (VBP know) (SBAR (WHADVP-1 (WRB how)) (S (NP-SBJ (-NONE- *)) (VP (TO to) (VP (VB do) (NP (DT these) (NNS things)) (ADVP-MNR (-NONE- *T*-1))))))) (. .) (-DFL- E_S)))",monomorphemic,no
60636:39,"and then once you pick that spot out, * pick out what you want *-2 to do *t*-1.",no,yes,no,embedded,no,,,,,,,,,what,*,,,,pick,,,,,you,,want,do,,,,,"and then once you pick that spot out, * pick out what you want *-2 to do *t*-1.",no,no,,(WP what),what you want *-2 to do *t*-1,"(TOP (S-IMP (CONJP (CC and) (RB then)) (SBAR-TMP (IN once) (S (NP-SBJ (PRP you)) (VP (VBP pick) (NP (DT that) (NN spot)) (PRT (RP out))))) (, ,) (NP-SBJ (-NONE- *)) (VP (VB pick) (PRT (RP out)) (SBAR (WHNP-1 (WP what)) (S (NP-SBJ-2 (PRP you)) (VP (VBP want) (S (NP-SBJ (-NONE- *-2)) (VP (TO to) (VP (VB do) (NP (-NONE- *T*-1))))))))) (. .) (-DFL- E_S)))",monomorphemic,no
172496:73,"uh, i just finished *-1 fuming at the fact that we pay an eight and a half percent sales tax and no income tax when the income tax could have been deducted *-2 from the federal form *t*-3",no,,yes,embedded,no,,,yes,,,,,,when,we,,,finished,pay,,,,could,the income tax,,have,been,deducted,the income tax,the income tax,when,we pay an eight and a half percent sales tax and no income tax when the income tax could have been deducted *-2 from the federal form *t*-3,yes,no,,(WRB when),when the income tax could have been deducted *-2 from the federal form *t*-3,"(TOP (S (INTJ (UH Uh)) (, ,) (NP-SBJ-1 (PRP I)) (ADVP (RB just)) (VP (VBD finished) (S (NP-SBJ (-NONE- *-1)) (VP (VBG fuming) (PP (IN at) (NP (DT the) (NN fact) (SBAR (IN that) (S (NP-SBJ (PRP we)) (VP (VBP pay) (NP (NP (DT an) (ADJP (QP (CD eight) (CC and) (DT a) (NN half)) (NN percent)) (NNS sales) (NN tax)) (CC and) (NP (DT no) (NN income) (NN tax))) (SBAR-ADV (WHADVP-3 (WRB when)) (S (NP-SBJ-2 (DT the) (NN income) (NN tax)) (VP (MD could) (VP (VB have) (VP (VBN been) (VP (VBN deducted) (NP (-NONE- *-2)) (PP (IN from) (NP (DT the) (JJ federal) (NN form))) (ADVP (-NONE- *T*-3)))))))))))))))) (-DFL- E_S)))",monomorphemic,no
159670:11,you know what i mean *t*-1?,no,yes,no,embedded,no,,,,,,,,,what,you,,,,know,,,,,i,,mean,,,,,,you know what i mean *t*-1?,no,no,,(WP what),what i mean *t*-1,(TOP (S (NP-SBJ (PRP you)) (VP (VBP know) (SBAR (WHNP-1 (WP what)) (S (NP-SBJ (PRP I)) (VP (VBP mean) (NP (-NONE- *T*-1)))))) (. ?) (-DFL- E_S))),monomorphemic,no
94825:83,"and when he started, uh, at skyline high school *t*-2, i asked him, son, when, uh, you know, where do i go *-1 to sign up for the p t a *t*-3?",no,yes,no,embedded,no,yes,,yes,,,,,,where,i,,,,asked,,,,,i,,do,go,sign,,the p t a,,"and when he started, uh, at skyline high school *t*-2, i asked him, son, when, uh, you know, where do i go *-1 to sign up for the p t a *t*-3?",no,no,,(WRB where),"son, when, uh, you know, where do i go *-1 to sign up for the p t a *t*-3","(TOP (S (CC and) (SBAR-TMP (WHADVP-2 (WRB when)) (S (NP-SBJ (PRP he)) (VP (VBD started) (, ,) (INTJ (UH uh)) (, ,) (PP (IN at) (NP (NNP Skyline) (NNP High) (NNP School))) (ADVP-TMP (-NONE- *T*-2))))) (, ,) (NP-SBJ (PRP I)) (VP (VBD asked) (NP (PRP him)) (, ,) (SBARQ-SEZ (NP-VOC (NNP Son)) (, ,) (EDITED (RM (-DFL- \[)) (WHADVP (WRB when)) (, ,) (IP (-DFL- \+))) (INTJ (UH uh)) (PRN (, ,) (S (NP-SBJ (PRP you)) (VP (VBP know))) (, ,)) (WHADVP-3 (WRB where)) (RS (-DFL- \])) (SQ (VBP do) (NP-SBJ-1 (PRP I)) (VP (VB go) (S (NP-SBJ (-NONE- *-1)) (VP (TO to) (VP (VB sign) (PRT (RP up)) (PP (IN for) (NP (DT the) (NNP P) (NNP T) (NNP A)))))) (ADVP-DIR (-NONE- *T*-3)))))) (. ?) (-DFL- E_S)))",monomorphemic,no
55459:18,"and i haven't figured how *-1 to get that soft *t*-2,",no,no,no,embedded,no,,,yes,yes,,,,,how,i,n't,,have,figured,,,,,*-1,,get,soft,,that,that,,"and i haven't figured how *-1 to get that soft *t*-2,",no,no,,(WRB how),how *-1 to get that soft *t*-2,"(TOP (S (CC And) (NP-SBJ-1 (PRP I)) (VP (VBP have) (RB n't) (VP (VBN figured) (SBAR (WHADVP-2 (WRB how)) (S (NP-SBJ (-NONE- *-1)) (VP (TO to) (VP (VB get) (S (NP-SBJ (DT that)) (ADJP-PRD (JJ soft))) (ADVP-MNR (-NONE- *T*-2)))))))) (, ,) (-DFL- E_S)))",monomorphemic,no
118182:28,"and, uh, they have not gotten it where the withholding is accurate *t*-1.",no,yes,no,embedded,no,,,yes,yes,,,,,where,they,not,,have,gotten,,,,,the withholding,,is,accurate,,the withholding,the withholding,,"and, uh, they have not gotten it where the withholding is accurate *t*-1.",yes,yes,,(WRB where),where the withholding is accurate *t*-1,"(TOP (S (CC And) (, ,) (INTJ (UH uh)) (, ,) (NP-SBJ (PRP they)) (VP (VBP have) (RB not) (VP (VBN gotten) (NP (PRP it)) (SBAR-ADV (WHADVP-1 (WRB where)) (S (NP-SBJ (DT the) (NN withholding)) (VP (VBZ is) (ADJP-PRD (JJ accurate)) (ADVP (-NONE- *T*-1))))))) (. .) (-DFL- E_S)))",monomorphemic,no
79109:78,"but i, i'd be glad *-2 to organize it, if that they'd tell me what it is *t*-1 0 i'm doing *t*-3 because that would, that would be really helpful.",no,yes,no,embedded,no,yes,,,,,,,,what,they,,,,tell,,,,,it,,is,'m,doing,,,,"that they'd tell me what it is *t*-1 0 i'm doing *t*-3 because that would, that would be really helpful",no,no,,(WP what),what it is *t*-1 0 i'm doing *t*-3,"(TOP (S (CC but) (EDITED (RM (-DFL- \[)) (NP-SBJ (PRP I)) (, ,) (IP (-DFL- \+))) (NP-SBJ-2 (PRP I)) (VP (MD 'd) (RS (-DFL- \])) (VP (VB be) (ADJP-PRD (JJ glad) (S (NP-SBJ (-NONE- *-2)) (VP (TO to) (VP (VB organize) (NP (PRP it)))))) (, ,) (SBAR-ADV (IN if) (S (EDITED (RM (-DFL- \[)) (NP-SBJ (IN that)) (IP (-DFL- \+)) (RS (-DFL- \]))) (NP-SBJ (PRP they)) (VP (MD 'd) (VP (VB tell) (NP (PRP me)) (SBAR (WHNP-1 (WP what)) (SQ-CLF (NP-SBJ (PRP it)) (VP (VBZ is) (NP-PRD (-NONE- *T*-1)) (SBAR (WHNP-3 (-NONE- 0)) (S (NP-SBJ (PRP I)) (VP (VBP 'm) (VP (VBG doing) (NP (-NONE- *T*-3))))))))) (SBAR-PRP (IN because) (S (EDITED (RM (-DFL- \[)) (S (NP-SBJ (DT that)) (VP-UNF (MD would))) (, ,) (IP (-DFL- \+))) (NP-SBJ (DT that)) (VP (MD would) (RS (-DFL- \])) (VP (VB be) (ADJP-PRD (RB really) (JJ helpful)))))))))))) (. .) (-DFL- E_S)))",monomorphemic,no
137511:16,i don't know why i got stuck *-1 down here in texas now *t*-2.,no,yes,no,embedded,no,,,yes,yes,,,,,why,i,n't,,do,know,,,,,i,,got,stuck,here,,,,i don't know why i got stuck *-1 down here in texas now *t*-2.,no,no,,(WRB why),why i got stuck *-1 down here in texas now *t*-2,(TOP (S (NP-SBJ (PRP I)) (VP (VBP do) (RB n't) (VP (VB know) (SBAR (WHADVP-2 (WRB why)) (S (NP-SBJ-1 (PRP I)) (VP (VBD got) (VP (VBN stuck) (NP (-NONE- *-1)) (PP-LOC (IN down) (ADVP (RB here))) (PP-LOC (IN in) (NP (NNP Texas))) (ADVP-TMP (RB now)) (ADVP-PRP (-NONE- *T*-2)))))))) (. .) (-DFL- E_S))),monomorphemic,no
46482:16,i'm not sure what it is *t*-1 there.,no,yes,no,embedded,no,,,,yes,,,,,what,i,not,,,,sure,,,,it,,is,there,,,,what,i'm not sure what it is *t*-1 there.,no,no,,(WP what),what it is *t*-1 there,(TOP (S (NP-SBJ (PRP I)) (VP (VBP 'm) (RB not) (ADJP-PRD (JJ sure) (SBAR (WHNP-1 (WP what)) (S (NP-SBJ (PRP it)) (VP (VBZ is) (NP-PRD (-NONE- *T*-1)) (ADVP-LOC (RB there))))))) (. .) (-DFL- E_S))),monomorphemic,no
75198:46,"i certainly wouldn't have been able *-1 to twenty years ago tell you what, uh, my kids were likely *-2 to be like *t*-3.",no,yes,no,embedded,no,,,,yes,,,,,what,*-1,n't,,would,tell,,,,,my kids,,were,likely,be,,,what,"*-1 to twenty years ago tell you what, uh, my kids were likely *-2 to be like *t*-3",no,no,,(WP what),"what, uh, my kids were likely *-2 to be like *t*-3","(TOP (S (NP-SBJ-1 (PRP I)) (ADVP (RB certainly)) (VP (MD would) (RB n't) (VP (VB have) (VP (VBN been) (ADJP-PRD (JJ able) (S (NP-SBJ (-NONE- *-1)) (VP (IN to) (ADVP-TMP (NP (CD twenty) (NNS years)) (RB ago)) (VP (VB tell) (NP (PRP you)) (SBAR (WHNP-3 (WP what)) (, ,) (INTJ (UH uh)) (, ,) (S (NP-SBJ-2 (PRP$ my) (NNS kids)) (VP (VBD were) (ADJP-PRD (JJ likely) (S (NP-SBJ (-NONE- *-2)) (VP (TO to) (VP (VB be) (PP-PRD (JJ like) (NP (-NONE- *T*-3))))))))))))))))) (. .) (-DFL- E_S)))",monomorphemic,no
103081:17,like you've seen what it's done *t*-1 to buildings even where it's really bad *t*-2.,no,yes,no,embedded,no,,,,,,,,done,what,you,,,'ve,seen,,,,,it,,done,,,,,,like you've seen what it's done *t*-1 to buildings even where it's really bad *t*-2.,no,no,,(WP what),what it's done *t*-1 to buildings,(TOP (S (INTJ (UH like)) (NP-SBJ (PRP you)) (VP (VBP 've) (VP (VBN seen) (SBAR (WHNP-1 (WP what)) (S (NP-SBJ (PRP it)) (VP (HVS 's) (VP (VBN done) (NP (-NONE- *T*-1)) (PP (IN to) (NP (NNS buildings))))))) (SBAR-LOC (ADVP (RB even)) (WHADVP-2 (WRB where)) (S (NP-SBJ (PRP it)) (VP (BES 's) (ADJP-PRD (RB really) (JJ bad)) (ADVP-LOC (-NONE- *T*-2))))))) (. .) (-DFL- E_S))),monomorphemic,no
74772:28,"like i said, he didn't know what he was doing *t*-1.",no,yes,no,embedded,no,,,,yes,,,,,what,he,n't,,,know,,,,,he,,was,doing,,,,,"like i said, he didn't know what he was doing *t*-1.",no,no,,(WP what),what he was doing *t*-1,"(TOP (S (SBAR-ADV (IN Like) (S (NP-SBJ (PRP I)) (VP (VBD said)))) (, ,) (NP-SBJ (PRP he)) (VP (VBD did) (RB n't) (VP (VB know) (SBAR (WHNP-1 (WP what)) (S (NP-SBJ (PRP he)) (VP (VBD was) (VP (VBG doing) (NP (-NONE- *T*-1)))))))) (. .) (-DFL- E_S)))",monomorphemic,no
47022:19,and i can't remember what *ich*-2 i read *t*-1 about that,no,yes,no,embedded,no,,,,yes,,,,,what,i,n't,,,remember,,,,,,,read,,,,that,,and i can't remember what *ich*-2 i read *t*-1 about that,no,no,,(WP what),what *ich*-2 i read *t*-1 about that,(TOP (S (CC and) (NP-SBJ (PRP I)) (VP (MD ca) (RB n't) (VP (VB remember) (SBAR (WHNP-1 (WHNP (WP what)) (PP (-NONE- *ICH*-2))) (S (NP-SBJ (PRP I)) (VP (VBD read) (NP (-NONE- *T*-1)) (PP-2 (IN about) (NP (DT that)))))))) (-DFL- E_S))),monomorphemic,no
18589:40,"and, uh, i don't know, that what they have *t*-1,",no,yes,no,embedded,no,,,,yes,,,,,what,i,n't,,do,know,,,,,they,,have,,,,,,"and, uh, i don't know, that what they have *t*-1,",no,no,,(WP what),what they have *t*-1,"(TOP (S (CC And) (, ,) (INTJ (UH uh)) (, ,) (NP-SBJ (PRP I)) (VP (VBP do) (RB n't) (VP (VB know) (, ,) (EDITED (RM (-DFL- \[)) (SBAR-UNF (IN that)) (IP (-DFL- \+)) (RS (-DFL- \]))) (SBAR (WHNP-1 (WP what)) (S (NP-SBJ (PRP they)) (VP (VBP have) (NP (-NONE- *T*-1))))))) (, ,) (-DFL- E_S)))",monomorphemic,no
62814:11,i know what you mean *t*-1.,no,yes,no,embedded,no,,,,,,,,,what,i,,,,know,,,,,you,,mean,,,,,,i know what you mean *t*-1.,no,no,,(WP what),what you mean *t*-1,(TOP (S (NP-SBJ (PRP I)) (VP (VBP know) (SBAR (WHNP-1 (WP what)) (S (NP-SBJ (PRP you)) (VP (VBP mean) (NP (-NONE- *T*-1)))))) (. .) (-DFL- E_S))),monomorphemic,no
70801:50,"i, i don't know what amount of, what amount of, our hardware *t*-1 would stop some fanatic, i guess, from *-2 doing anything, uh, that *t*-3 would be irrational.",no,,yes,embedded,no,,,,yes,,,,some,what,i,n't,,do,know,,,,would,,,stop,guess,doing,,some fanatic,,"i, i don't know what amount of, what amount of, our hardware *t*-1 would stop some fanatic, i guess, from *-2 doing anything, uh, that *t*-3 would be irrational.",no,no,,(WDT what),"what amount of, what amount of, our hardware *t*-1 would stop some fanatic, i guess, from *-2 doing anything, uh, that *t*-3 would be irrational","(TOP (S (EDITED (RM (-DFL- \[)) (NP-SBJ (PRP I)) (, ,) (IP (-DFL- \+))) (NP-SBJ (PRP I)) (RS (-DFL- \])) (VP (VBP do) (RB n't) (VP (VB know) (SBAR (EDITED (RM (-DFL- \[)) (WHNP (WHNP (WDT what) (NN amount)) (PP-UNF (IN of))) (, ,) (IP (-DFL- \+))) (WHNP-1 (WHNP (WDT what) (VB amount)) (PP (IN of) (, ,) (RS (-DFL- \])) (NP (PRP$ our) (NN hardware)))) (S (NP-SBJ (-NONE- *T*-1)) (VP (MD would) (VP (VB stop) (NP-2 (DT some) (NN fanatic)) (PRN (, ,) (S (NP-SBJ (PRP I)) (VP (VBP guess))) (, ,)) (PP (IN from) (S-NOM (NP-SBJ (-NONE- *-2)) (VP (VBG doing) (NP (NP (NN anything)) (, ,) (INTJ (UH uh)) (, ,) (SBAR (WHNP-3 (WDT that)) (S (NP-SBJ (-NONE- *T*-3)) (VP (MD would) (VP (VB be) (ADJP-PRD (JJ irrational)))))))))))))))) (. .) (-DFL- E_S)))",monomorphemic,no
34334:57,"uh, but i would like *-1 to see them have a monitoring capability so that they know who *t*-2 has what weapons.",no,yes,no,embedded,no,,,,,,,,,who,they,,,have,know,,,,,*t*-2,,has,,,,what weapons,,they know who *t*-2 has what weapons,no,no,,(WP who),who *t*-2 has what weapons,"(TOP (S (INTJ (UH Uh)) (, ,) (CC but) (NP-SBJ-1 (PRP I)) (VP (MD would) (VP (VB like) (S (NP-SBJ (-NONE- *-1)) (VP (TO to) (VP (VB see) (S (NP-SBJ (PRP them)) (VP (VB have) (NP (DT a) (NN monitoring) (NN capability)) (SBAR-PRP (IN so) (IN that) (S (NP-SBJ (PRP they)) (VP (VBP know) (SBAR (WHNP-2 (WP who)) (S (NP-SBJ (-NONE- *T*-2)) (VP (VBZ has) (NP (WDT what) (NNS weapons))))))))))))))) (. .) (-DFL- E_S)))",monomorphemic,no
76687:32,"well, you haven't told me, uh, what sports that you are active in *t*-1.",no,yes,no,embedded,no,,,,yes,,,,,what,you,n't,,have,told,,,,,,,are,active,,,,,"well, you haven't told me, uh, what sports that you are active in *t*-1.",no,no,,(WDT what),what sports that you are active in *t*-1,"(TOP (S (INTJ (UH Well)) (, ,) (NP-SBJ (PRP you)) (VP (VBP have) (RB n't) (VP (VBN told) (NP (PRP me)) (, ,) (INTJ (UH uh)) (, ,) (SBAR (WHNP-1 (WHNP (WDT what) (NNS sports)) (WHNP (WDT that))) (S (NP-SBJ (PRP you)) (VP (VBP are) (ADJP-PRD (JJ active) (PP (IN in) (NP (-NONE- *T*-1))))))))) (. .) (-DFL- E_S)))",monomorphemic,no
164413:11,you know what i mean *t*-1?,no,yes,no,embedded,no,,,,,,,,,what,you,,,,know,,,,,i,,mean,,,,,,you know what i mean *t*-1?,no,no,,(WP what),what i mean *t*-1,(TOP (S (NP-SBJ (PRP you)) (VP (VBP know) (SBAR (WHNP-1 (WP what)) (S (NP-SBJ (PRP I)) (VP (VBP mean) (NP (-NONE- *T*-1)))))) (. ?) (-DFL- E_S))),monomorphemic,no
21530:85,"but, as, as i've seen it, they've, they've done sort of the same thing to where they've, they started *-1 to let them get together *t*-2,",yes,yes,no,embedded,no,,,yes,,,,,,where,they,,,,,,done,,,they,,'ve,started,let,,,where,"but, as, as i've seen it, they've, they've done sort of the same thing to where they've, they started *-1 to let them get together *t*-2,",no,no,,(WRB where),"where they've, they started *-1 to let them get together *t*-2","(TOP (S (SBAR-ADV (CC but) (, ,) (EDITED (RM (-DFL- \[)) (SBAR-ADV-UNF (IN as)) (, ,) (IP (-DFL- \+))) (IN as) (RS (-DFL- \])) (S (NP-SBJ (PRP I)) (VP (VBP 've) (VP (VBN seen) (NP (PRP it)))))) (, ,) (EDITED (RM (-DFL- \[)) (S (NP-SBJ (PRP they)) (VP-UNF (VBP 've))) (, ,) (IP (-DFL- \+))) (NP-SBJ (PRP they)) (VP (VBP 've) (RS (-DFL- \])) (VP (VBN done) (ADVP (RB sort) (RB of)) (NP (DT the) (JJ same) (NN thing)) (PP (IN to) (SBAR (WHADVP-2 (WRB where)) (S (EDITED (RM (-DFL- \[)) (S (NP-SBJ (PRP they)) (VP-UNF (VBP 've))) (, ,) (IP (-DFL- \+))) (NP-SBJ-1 (PRP they)) (RS (-DFL- \])) (VP (VBD started) (S (NP-SBJ (-NONE- *-1)) (VP (TO to) (VP (VB let) (S (NP-SBJ (PRP them)) (VP (VB get) (ADVP (RB together))))))) (ADVP (-NONE- *T*-2)))))))) (, ,) (-DFL- E_S)))",monomorphemic,no
24860:16,"they don't know what * to do *t*-1,",no,no,no,embedded,no,,,,yes,,,,,what,they,n't,,do,know,,,,,*,,do,,,,,,"they don't know what * to do *t*-1,",no,no,,(WP what),what * to do *t*-1,"(TOP (S (NP-SBJ (PRP they)) (VP (VBP do) (RB n't) (VP (VB know) (SBAR (WHNP-1 (WP what)) (S (NP-SBJ (-NONE- *)) (VP (TO to) (VP (VB do) (NP (-NONE- *T*-1)))))))) (, ,) (-DFL- E_S)))",monomorphemic,no
84309:11,i wonder where he gets it *t*-1?,no,yes,no,embedded,no,,,yes,,,,,,where,i,,,,wonder,,,,,he,,gets,,,,,,i wonder where he gets it *t*-1?,no,no,,(WRB where),where he gets it *t*-1,(TOP (S (NP-SBJ (PRP I)) (VP (VBP wonder) (SBAR (WHADVP-1 (WRB where)) (S (NP-SBJ (PRP he)) (VP (VBZ gets) (NP (PRP it)) (ADVP-LOC (-NONE- *T*-1)))))) (. ?) (-DFL- E_S))),monomorphemic,no
7981:19,"you don't even know who *-1 to payoff *t*-2, huh?.",no,no,no,embedded,no,,,,yes,,,,,who,you,n't,,do,know,,,,,*-1,,,,,,,,"you don't even know who *-1 to payoff *t*-2, huh?.",no,no,,(WP who),who *-1 to payoff *t*-2,"(TOP (S (NP-SBJ-1 (PRP You)) (VP (VBP do) (RB n't) (ADVP (RB even)) (VP (VB know) (SBAR (WHNP-2 (WP who)) (S (NP-SBJ (-NONE- *-1)) (VP (TO to) (VP (TYPO (^VB^RP payoff)) (NP (-NONE- *T*-2)))))) (, ,) (INTJ (UH huh)))) (. ?) (. .) (-DFL- E_S)))",monomorphemic,no
45293:31,"now i don't know how, how it would be *t*-1 * bringing in, uh, like cat to a full, full grown dog.",no,,yes,embedded,no,,,yes,yes,,,,,how,i,n't,,do,know,,,,would,it,,be,bringing,in,,"a full, full grown dog",,"now i don't know how, how it would be *t*-1 * bringing in, uh, like cat to a full, full grown dog.",no,no,,(WRB how),"how, how it would be *t*-1 * bringing in, uh, like cat to a full, full grown dog","(TOP (S (INTJ (RB now)) (NP-SBJ (PRP I)) (VP (VBP do) (RB n't) (VP (VB know) (SBAR (EDITED (RM (-DFL- \[)) (WHADVP (WRB how)) (, ,) (IP (-DFL- \+))) (WHADVP-1 (WRB how)) (RS (-DFL- \])) (S (NP-SBJ (PRP it)) (VP (MD would) (VP (VB be) (ADVP-MNR-PRD (-NONE- *T*-1)) (S-ADV (NP-SBJ (-NONE- *)) (VP (VBG bringing) (ADVP-DIR (RB in)) (, ,) (INTJ (UH uh)) (, ,) (INTJ (UH like)) (NP (NN cat)) (PP-DIR (IN to) (NP (DT a) (EDITED (RM (-DFL- \[)) (RB full) (, ,) (IP (-DFL- \+))) (ADJP (RB full) (RS (-DFL- \])) (JJ grown)) (NN dog))))))))))) (. .) (-DFL- E_S)))",monomorphemic,no
147760:69,"say the more honest ones who *t*-2 are still looking out for themselves, it may be more matter of not what can i steal *t*-1 while in an office but how many friends can i make *t*-3 while, i'm in office.",no,,yes,embedded,no,yes,,,yes,,,,,what,it,not,may,,,,,,can,i,,steal,,,,an office,what,"say the more honest ones who *t*-2 are still looking out for themselves, it may be more matter of not what can i steal *t*-1 while in an office but how many friends can i make *t*-3 while, i'm in office.",no,no,,(WP what),what can i steal *t*-1 while in an office,"(TOP (S (INTJ (UH say)) (NP-ADV (NP (DT the) (ADJP (RBR more) (JJ honest)) (NNS ones)) (SBAR (WHNP-2 (WP who)) (S (NP-SBJ (-NONE- *T*-2)) (VP (VBP are) (ADVP-TMP (RB still)) (VP (VBG looking) (PRT (RP out)) (PP (IN for) (NP (PRP themselves)))))))) (, ,) (NP-SBJ (PRP it)) (VP (MD may) (VP (VB be) (ADVP (JJR more)) (NP-PRD (NP (NN matter)) (PP (IN of) (SBARQ (RB not) (SBARQ (WHNP-1 (WP what)) (SQ (MD can) (NP-SBJ (PRP I)) (VP (VB steal) (NP (-NONE- *T*-1)) (SBAR-TMP (IN while) (FRAG (PP-PRD (IN in) (NP (DT an) (NN office)))))))) (CC but) (SBARQ (WHNP-3 (WHADJP (WRB how) (JJ many)) (NNS friends)) (SQ (MD can) (NP-SBJ (PRP I)) (VP (VB make) (NP (-NONE- *T*-3)) (SBAR-TMP (IN while) (, ,) (S (NP-SBJ (PRP I)) (VP (VBP 'm) (PP-PRD (IN in) (NP (NN office)))))))))))))) (. .) (-DFL- E_S)))",monomorphemic,no
28979:14,"and i said what the hell *t*-1 is going on here, you know.",no,yes,no,embedded,no,,,,,,,,,what,i,,,,said,,,,,,,is,going,here,,,,"and i said what the hell *t*-1 is going on here, you know.",no,no,,(WP what),what the hell *t*-1 is going on here,"(TOP (S (CC and) (NP-SBJ (PRP I)) (VP (VBD said) (SBARQ-SEZ (WHNP-1 (WHNP (WP what)) (NP (DT the) (NN hell))) (S (NP-SBJ (-NONE- *T*-1)) (VP (VBZ is) (VP (VBG going) (PRT (RP on)) (ADVP-LOC (RB here)))))) (PRN (, ,) (S (NP-SBJ (PRP you)) (VP (VBP know))))) (. .) (-DFL- E_S)))",monomorphemic,no
106447:53,"and there was, i was just painting because i don't know how * to do anything else *t*-1.",no,no,no,embedded,no,,,yes,yes,,,,anything,how,i,n't,,do,know,,,,,*,,do,else,,,,,i don't know how * to do anything else *t*-1,no,no,,(WRB how),how * to do anything else *t*-1,"(TOP (S (CC and) (EDITED (RM (-DFL- \[)) (S (NP-SBJ (EX there)) (VP-UNF (VBD was))) (, ,) (IP (-DFL- \+))) (NP-SBJ (PRP I)) (VP (VBD was) (RS (-DFL- \])) (ADVP (RB just)) (VP (VBG painting) (SBAR-PRP (IN because) (S (NP-SBJ (PRP I)) (VP (VBP do) (RB n't) (VP (VB know) (SBAR (WHADVP-1 (WRB how)) (S (NP-SBJ (-NONE- *)) (VP (TO to) (VP (VB do) (NP (NP (NN anything)) (ADVP (RB else))) (ADVP-MNR (-NONE- *T*-1)))))))))))) (. .) (-DFL- E_S)))",monomorphemic,no
31532:66,"but * seeing what drugs did *t*-1 to him makes me see, makes me realize what it could do *t*-2 to people, you know, in the work force as well.",no,,yes,embedded,no,,,,,,,,,what,me,,,,realize,,,,could,it,,do,know,well,,"people, you know, in the work force",,"me realize what it could do *t*-2 to people, you know, in the work force as well",no,no,,(WP what),"what it could do *t*-2 to people, you know, in the work force as well","(TOP (S (CC But) (S-NOM-SBJ (NP-SBJ (-NONE- *)) (VP (VBG seeing) (SBAR (WHNP-1 (WP what)) (S (NP-SBJ (NNS drugs)) (VP (VBD did) (NP (-NONE- *T*-1)) (PP (IN to) (NP (PRP him)))))))) (EDITED (RM (-DFL- \[)) (VP (VBZ makes) (S (NP-SBJ (PRP me)) (VP-UNF (VB see)))) (, ,) (IP (-DFL- \+))) (VP (VBZ makes) (S (NP-SBJ (PRP me)) (VP (VB realize) (RS (-DFL- \])) (SBAR (WHNP-2 (WP what)) (S (NP-SBJ (PRP it)) (VP (MD could) (VP (VB do) (NP (-NONE- *T*-2)) (PP (IN to) (NP (NP (NNS people)) (PRN (, ,) (S (NP-SBJ (PRP you)) (VP (VBP know))) (, ,)) (PP (IN in) (NP (DT the) (NN work) (NN force))))) (ADVP (IN as) (RB well))))))))) (. .) (-DFL- E_S)))",monomorphemic,no
99188:15,does your daughter know what she'd like *-1 to do *t*-2?,no,,yes,embedded,no,,,,,,,,,what,your daughter,,,,know,,,know,'d,she,,like,do,,,,,does your daughter know what she'd like *-1 to do *t*-2?,no,no,,(WP what),what she'd like *-1 to do *t*-2,(TOP (SQ (VBZ Does) (NP-SBJ (PRP$ your) (NN daughter)) (VP (VBP know) (SBAR (WHNP-2 (WP what)) (S (NP-SBJ-1 (PRP she)) (VP (MD 'd) (VP (VB like) (S (NP-SBJ (-NONE- *-1)) (VP (TO to) (VP (VB do) (NP (-NONE- *T*-2)))))))))) (. ?) (-DFL- E_S))),monomorphemic,no
13594:115,"so i imagine 0 we will be, uh, shifting over to that service uh, for a while, or if, in a while. as soon as we determine what we're going *-1 to do *t*-2 with contel after we bought contel.",no,yes,no,embedded,no,,,,,,,,,what,we,,,will,determine,,,,,we,,'re,going,do,,,what,we determine what we're going *-1 to do *t*-2 with contel after we bought contel,no,no,,(WP what),what we're going *-1 to do *t*-2 with contel after we bought contel,"(TOP (S (RB so) (NP-SBJ (PRP I)) (VP (VBP imagine) (SBAR (-NONE- 0) (S (NP-SBJ (PRP we)) (VP (MD will) (VP (VB be) (, ,) (INTJ (UH uh)) (, ,) (VP (VBG shifting) (PP (IN over) (PP (IN to) (NP (DT that) (NN service)))) (INTJ (UH uh)) (, ,) (EDITED (RM (-DFL- \[)) (PP-TMP (IN for) (NP (DT a) (NN while))) (, ,) (IP (-DFL- \+)) (CC or)) (EDITED (RM (-DFL- \[)) (SBAR-ADV-UNF (IN if)) (, ,) (IP (-DFL- \+)) (RS (-DFL- \]))) (PP-TMP (IN in) (NP (DT a) (NN while))) (RS (-DFL- \])) (. .) (ADVP-TMP (ADVP (RB As) (RB soon)) (SBAR (IN as) (S (NP-SBJ (PRP we)) (VP (VBP determine) (SBAR (WHNP-2 (WP what)) (S (NP-SBJ-1 (PRP we)) (VP (VBP 're) (VP (VBG going) (S (NP-SBJ (-NONE- *-1)) (VP (TO to) (VP (VB do) (NP (-NONE- *T*-2)) (PP (IN with) (NP (NNP Contel)))))) (SBAR-TMP (IN after) (S (NP-SBJ (PRP we)) (VP (VBD bought) (NP (NNP Contel))))))))))))))))))) (. .) (-DFL- E_S)))",monomorphemic,no
96152:63,"so, anyway, so maybe, maybe within a year, we will see how that falls *t*-1.",no,yes,no,embedded,no,,,yes,,,,,falls,how,we,,,will,see,,,,,that,,falls,,,that,that,,"so, anyway, so maybe, maybe within a year, we will see how that falls *t*-1.",yes,yes,,(WRB how),how that falls *t*-1,"(TOP (S (EDITED (RM (-DFL- \[)) (RB so) (, ,) (IP (-DFL- \+))) (ADVP (UH anyway)) (, ,) (RB so) (RS (-DFL- \])) (EDITED (RM (-DFL- \[)) (ADVP (RB maybe)) (, ,) (IP (-DFL- \+))) (ADVP (RB maybe)) (RS (-DFL- \])) (PP-TMP (IN within) (NP (DT a) (NN year))) (, ,) (NP-SBJ (PRP we)) (VP (MD will) (VP (VB see) (SBAR (WHADVP-1 (WRB how)) (S (NP-SBJ (WDT that)) (VP (VBZ falls) (ADVP-MNR (-NONE- *T*-1))))))) (. .) (-DFL- E_S)))",monomorphemic,no
149808:32,"well, i'd really like *-1 to know where that money is actually going *-2 to go *t*-3,",no,yes,no,embedded,no,,,yes,,,,money,actually,where,*-1,,,,know,,,,,that money,,is,actually,going,that money,that money,,*-1 to know where that money is actually going *-2 to go *t*-3,no,no,,(WRB where),where that money is actually going *-2 to go *t*-3,"(TOP (S (INTJ (UH Well)) (, ,) (NP-SBJ-1 (PRP I)) (VP (MD 'd) (ADVP (RB really)) (VP (VB like) (S (NP-SBJ (-NONE- *-1)) (VP (TO to) (VP (VB know) (SBAR (WHADVP-3 (WRB where)) (S (NP-SBJ-2 (DT that) (NN money)) (VP (VBZ is) (ADVP (RB actually)) (VP (VBG going) (S (NP-SBJ (-NONE- *-2)) (VP (TO to) (VP (VB go) (ADVP-DIR (-NONE- *T*-3)))))))))))))) (, ,) (-DFL- E_S)))",monomorphemic,no
155541:51,"and he paled and said, uh, i'm not going *-2 to tell you what you said *t*-1.",no,yes,no,embedded,no,,,,yes,,,,,what,*-2,not,,'m,tell,,,,,you,,said,,,,,,*-2 to tell you what you said *t*-1,no,no,,(WP what),what you said *t*-1,"(TOP (S (CC and) (NP-SBJ (PRP he)) (VP (VP (VBD paled)) (CC and) (VP (VBD said) (, ,) (INTJ (UH uh)) (, ,) (S-SEZ (NP-SBJ-2 (PRP I)) (VP (VBP 'm) (RB not) (VP (VBG going) (S (NP-SBJ (-NONE- *-2)) (VP (TO to) (VP (VB tell) (NP (PRP you)) (SBAR (WHNP-1 (WP what)) (S (NP-SBJ (PRP you)) (VP (VBD said) (NP (-NONE- *T*-1))))))))))))) (. .) (-DFL- E_S)))",monomorphemic,no
