workerid,proliferate.condition,order,response,slide_number_in_experiment,tgrep_id,catch_trials,subject_information.age,subject_information.asses,subject_information.comments,subject_information.education,subject_information.enjoyment,subject_information.fairprice,subject_information.gender,subject_information.language,system.Browser,system.OS,system.screenH,system.screenW,time_in_minutes,error
38,condition1,,"['Mary', 'Mary']",1,bot_check,[],41,Yes,"If I checked ""none of the above"" I was still forced to select one of the options to proceed, even if none of the options were right.  That was confusing.",4,1,1,Other,English,Firefox,Linux,768,1366,6.993383333333333,
38,condition1,a-the-all-some,"['all', False]",3,example1,[],41,Yes,"If I checked ""none of the above"" I was still forced to select one of the options to proceed, even if none of the options were right.  That was confusing.",4,1,1,Other,English,Firefox,Linux,768,1366,6.993383333333333,
38,condition1,a-the-all-some,"['a', False]",4,example2,[],41,Yes,"If I checked ""none of the above"" I was still forced to select one of the options to proceed, even if none of the options were right.  That was confusing.",4,1,1,Other,English,Firefox,Linux,768,1366,6.993383333333333,
38,condition1,a-the-all-some,"['all', False]",5,example1,[],41,Yes,"If I checked ""none of the above"" I was still forced to select one of the options to proceed, even if none of the options were right.  That was confusing.",4,1,1,Other,English,Firefox,Linux,768,1366,6.993383333333333,
38,condition1,a-the-all-some,"['the', False]",6,example4,[],41,Yes,"If I checked ""none of the above"" I was still forced to select one of the options to proceed, even if none of the options were right.  That was confusing.",4,1,1,Other,English,Firefox,Linux,768,1366,6.993383333333333,
38,condition1,a-the-all-some,"['the', False]",8,51293:9,[],41,Yes,"If I checked ""none of the above"" I was still forced to select one of the options to proceed, even if none of the options were right.  That was confusing.",4,1,1,Other,English,Firefox,Linux,768,1366,6.993383333333333,
38,condition1,a-the-all-some,"['the', False]",9,40349:14,[],41,Yes,"If I checked ""none of the above"" I was still forced to select one of the options to proceed, even if none of the options were right.  That was confusing.",4,1,1,Other,English,Firefox,Linux,768,1366,6.993383333333333,
38,condition1,a-the-all-some,"['a', True]",10,60430:4,[],41,Yes,"If I checked ""none of the above"" I was still forced to select one of the options to proceed, even if none of the options were right.  That was confusing.",4,1,1,Other,English,Firefox,Linux,768,1366,6.993383333333333,
38,condition1,a-the-all-some,"['the', True]",11,37508:7,[],41,Yes,"If I checked ""none of the above"" I was still forced to select one of the options to proceed, even if none of the options were right.  That was confusing.",4,1,1,Other,English,Firefox,Linux,768,1366,6.993383333333333,
38,condition1,a-the-all-some,"['the', False]",12,102105:4,[],41,Yes,"If I checked ""none of the above"" I was still forced to select one of the options to proceed, even if none of the options were right.  That was confusing.",4,1,1,Other,English,Firefox,Linux,768,1366,6.993383333333333,
38,condition1,a-the-all-some,"['the', False]",13,118088:9,[],41,Yes,"If I checked ""none of the above"" I was still forced to select one of the options to proceed, even if none of the options were right.  That was confusing.",4,1,1,Other,English,Firefox,Linux,768,1366,6.993383333333333,
38,condition1,a-the-all-some,"['a', True]",14,103191:13,[],41,Yes,"If I checked ""none of the above"" I was still forced to select one of the options to proceed, even if none of the options were right.  That was confusing.",4,1,1,Other,English,Firefox,Linux,768,1366,6.993383333333333,
38,condition1,a-the-all-some,"['the', False]",15,68569:4,[],41,Yes,"If I checked ""none of the above"" I was still forced to select one of the options to proceed, even if none of the options were right.  That was confusing.",4,1,1,Other,English,Firefox,Linux,768,1366,6.993383333333333,
38,condition1,a-the-all-some,"['a', True]",16,130644:22,[],41,Yes,"If I checked ""none of the above"" I was still forced to select one of the options to proceed, even if none of the options were right.  That was confusing.",4,1,1,Other,English,Firefox,Linux,768,1366,6.993383333333333,
38,condition1,a-the-all-some,"['the', False]",17,61578:4,[],41,Yes,"If I checked ""none of the above"" I was still forced to select one of the options to proceed, even if none of the options were right.  That was confusing.",4,1,1,Other,English,Firefox,Linux,768,1366,6.993383333333333,
34,condition1,,"['Patricia', 'Patricia']",1,bot_check,[],22,Yes,,3,1,1,Female,English,Chrome,Mac,900,1440,2.59275,
34,condition1,a-the-some-all,"['all', False]",3,example1,[],22,Yes,,3,1,1,Female,English,Chrome,Mac,900,1440,2.59275,
34,condition1,a-the-some-all,"['a', False]",4,example2,[],22,Yes,,3,1,1,Female,English,Chrome,Mac,900,1440,2.59275,
34,condition1,a-the-some-all,"['all', False]",5,example1,[],22,Yes,,3,1,1,Female,English,Chrome,Mac,900,1440,2.59275,
34,condition1,a-the-some-all,"['the', False]",6,example4,[],22,Yes,,3,1,1,Female,English,Chrome,Mac,900,1440,2.59275,
34,condition1,a-the-some-all,"['a', False]",8,103191:13,[],22,Yes,,3,1,1,Female,English,Chrome,Mac,900,1440,2.59275,
34,condition1,a-the-some-all,"['a', False]",9,130644:22,[],22,Yes,,3,1,1,Female,English,Chrome,Mac,900,1440,2.59275,
34,condition1,a-the-some-all,"['a', False]",10,40349:14,[],22,Yes,,3,1,1,Female,English,Chrome,Mac,900,1440,2.59275,
34,condition1,a-the-some-all,"['the', False]",11,51293:9,[],22,Yes,,3,1,1,Female,English,Chrome,Mac,900,1440,2.59275,
34,condition1,a-the-some-all,"['a', False]",12,68569:4,[],22,Yes,,3,1,1,Female,English,Chrome,Mac,900,1440,2.59275,
34,condition1,a-the-some-all,"['the', False]",13,37508:7,[],22,Yes,,3,1,1,Female,English,Chrome,Mac,900,1440,2.59275,
34,condition1,a-the-some-all,"['a', False]",14,60430:4,[],22,Yes,,3,1,1,Female,English,Chrome,Mac,900,1440,2.59275,
34,condition1,a-the-some-all,"['the', False]",15,102105:4,[],22,Yes,,3,1,1,Female,English,Chrome,Mac,900,1440,2.59275,
34,condition1,a-the-some-all,"['the', False]",16,61578:4,[],22,Yes,,3,1,1,Female,English,Chrome,Mac,900,1440,2.59275,
34,condition1,a-the-some-all,"['the', False]",17,118088:9,[],22,Yes,,3,1,1,Female,English,Chrome,Mac,900,1440,2.59275,
33,condition1,,"['Patricia', 'Patricia']",1,bot_check,[],19,Yes,,2,0,1,Female,English,Chrome,Windows,864,1536,9.559616666666669,
33,condition1,all-the-some-a,"['a', False]",3,example1,[],19,Yes,,2,0,1,Female,English,Chrome,Windows,864,1536,9.559616666666669,
33,condition1,all-the-some-a,"['all', False]",3,example1,[],19,Yes,,2,0,1,Female,English,Chrome,Windows,864,1536,9.559616666666669,
33,condition1,all-the-some-a,"['some', False]",4,example2,[],19,Yes,,2,0,1,Female,English,Chrome,Windows,864,1536,9.559616666666669,
33,condition1,all-the-some-a,"['all', False]",5,example1,[],19,Yes,,2,0,1,Female,English,Chrome,Windows,864,1536,9.559616666666669,
33,condition1,all-the-some-a,"['the', False]",6,example4,[],19,Yes,,2,0,1,Female,English,Chrome,Windows,864,1536,9.559616666666669,
33,condition1,all-the-some-a,"['the', False]",8,68569:4,[],19,Yes,,2,0,1,Female,English,Chrome,Windows,864,1536,9.559616666666669,
33,condition1,all-the-some-a,"['all', True]",9,103191:13,[],19,Yes,,2,0,1,Female,English,Chrome,Windows,864,1536,9.559616666666669,
33,condition1,all-the-some-a,"['all', False]",10,60430:4,[],19,Yes,,2,0,1,Female,English,Chrome,Windows,864,1536,9.559616666666669,
33,condition1,all-the-some-a,"['a', False]",11,61578:4,[],19,Yes,,2,0,1,Female,English,Chrome,Windows,864,1536,9.559616666666669,
33,condition1,all-the-some-a,"['the', False]",12,102105:4,[],19,Yes,,2,0,1,Female,English,Chrome,Windows,864,1536,9.559616666666669,
33,condition1,all-the-some-a,"['the', False]",13,51293:9,[],19,Yes,,2,0,1,Female,English,Chrome,Windows,864,1536,9.559616666666669,
33,condition1,all-the-some-a,"['the', False]",14,118088:9,[],19,Yes,,2,0,1,Female,English,Chrome,Windows,864,1536,9.559616666666669,
33,condition1,all-the-some-a,"['a', False]",15,40349:14,[],19,Yes,,2,0,1,Female,English,Chrome,Windows,864,1536,9.559616666666669,
33,condition1,all-the-some-a,"['some', False]",16,130644:22,[],19,Yes,,2,0,1,Female,English,Chrome,Windows,864,1536,9.559616666666669,
33,condition1,all-the-some-a,"['the', False]",17,37508:7,[],19,Yes,,2,0,1,Female,English,Chrome,Windows,864,1536,9.559616666666669,
17,condition1,,"['Mary', 'Mary']",1,bot_check,[],19,Yes,,2,1,1,Female,english,Chrome,Windows,864,1536,5.319383333333334,
17,condition1,all-some-the-a,"['a', False]",3,example1,[],19,Yes,,2,1,1,Female,english,Chrome,Windows,864,1536,5.319383333333334,
17,condition1,all-some-the-a,"['a', False]",3,example1,[],19,Yes,,2,1,1,Female,english,Chrome,Windows,864,1536,5.319383333333334,
17,condition1,all-some-the-a,"['a', False]",3,example1,[],19,Yes,,2,1,1,Female,english,Chrome,Windows,864,1536,5.319383333333334,
17,condition1,all-some-the-a,"['a', False]",3,example1,[],19,Yes,,2,1,1,Female,english,Chrome,Windows,864,1536,5.319383333333334,
17,condition1,all-some-the-a,"['all', False]",3,example1,[],19,Yes,,2,1,1,Female,english,Chrome,Windows,864,1536,5.319383333333334,
17,condition1,all-some-the-a,"['some', False]",4,example2,[],19,Yes,,2,1,1,Female,english,Chrome,Windows,864,1536,5.319383333333334,
17,condition1,all-some-the-a,"['all', False]",5,example1,[],19,Yes,,2,1,1,Female,english,Chrome,Windows,864,1536,5.319383333333334,
17,condition1,all-some-the-a,"['a', False]",6,example4,[],19,Yes,,2,1,1,Female,english,Chrome,Windows,864,1536,5.319383333333334,
17,condition1,all-some-the-a,"['some', False]",8,68569:4,[],19,Yes,,2,1,1,Female,english,Chrome,Windows,864,1536,5.319383333333334,
17,condition1,all-some-the-a,"['the', False]",9,118088:9,[],19,Yes,,2,1,1,Female,english,Chrome,Windows,864,1536,5.319383333333334,
17,condition1,all-some-the-a,"['the', False]",10,61578:4,[],19,Yes,,2,1,1,Female,english,Chrome,Windows,864,1536,5.319383333333334,
17,condition1,all-some-the-a,"['the', False]",11,103191:13,[],19,Yes,,2,1,1,Female,english,Chrome,Windows,864,1536,5.319383333333334,
17,condition1,all-some-the-a,"['the', False]",12,51293:9,[],19,Yes,,2,1,1,Female,english,Chrome,Windows,864,1536,5.319383333333334,
17,condition1,all-some-the-a,"['some', False]",13,102105:4,[],19,Yes,,2,1,1,Female,english,Chrome,Windows,864,1536,5.319383333333334,
17,condition1,all-some-the-a,"['all', False]",14,130644:22,[],19,Yes,,2,1,1,Female,english,Chrome,Windows,864,1536,5.319383333333334,
17,condition1,all-some-the-a,"['the', False]",15,60430:4,[],19,Yes,,2,1,1,Female,english,Chrome,Windows,864,1536,5.319383333333334,
17,condition1,all-some-the-a,"['some', False]",16,37508:7,[],19,Yes,,2,1,1,Female,english,Chrome,Windows,864,1536,5.319383333333334,
17,condition1,all-some-the-a,"['some', False]",17,40349:14,[],19,Yes,,2,1,1,Female,english,Chrome,Windows,864,1536,5.319383333333334,
12,condition1,,"['Susan', 'Susan']",1,bot_check,[],55,Yes,I have none at this time.,3,1,0,Female,English ,Safari,iPhone/iPod,736,414,19.649,
12,condition1,the-some-all-a,"['all', False]",3,example1,[],55,Yes,I have none at this time.,3,1,0,Female,English ,Safari,iPhone/iPod,736,414,19.649,
12,condition1,the-some-all-a,"['some', True]",4,example2,[],55,Yes,I have none at this time.,3,1,0,Female,English ,Safari,iPhone/iPod,736,414,19.649,
12,condition1,the-some-all-a,"['all', False]",5,example1,[],55,Yes,I have none at this time.,3,1,0,Female,English ,Safari,iPhone/iPod,736,414,19.649,
12,condition1,the-some-all-a,"['the', False]",6,example4,[],55,Yes,I have none at this time.,3,1,0,Female,English ,Safari,iPhone/iPod,736,414,19.649,
12,condition1,the-some-all-a,"['the', False]",8,102105:4,[],55,Yes,I have none at this time.,3,1,0,Female,English ,Safari,iPhone/iPod,736,414,19.649,
12,condition1,the-some-all-a,"['the', False]",9,61578:4,[],55,Yes,I have none at this time.,3,1,0,Female,English ,Safari,iPhone/iPod,736,414,19.649,
12,condition1,the-some-all-a,"['a', False]",10,37508:7,[],55,Yes,I have none at this time.,3,1,0,Female,English ,Safari,iPhone/iPod,736,414,19.649,
12,condition1,the-some-all-a,"['a', False]",11,40349:14,[],55,Yes,I have none at this time.,3,1,0,Female,English ,Safari,iPhone/iPod,736,414,19.649,
12,condition1,the-some-all-a,"['the', False]",12,68569:4,[],55,Yes,I have none at this time.,3,1,0,Female,English ,Safari,iPhone/iPod,736,414,19.649,
12,condition1,the-some-all-a,"['the', False]",13,103191:13,[],55,Yes,I have none at this time.,3,1,0,Female,English ,Safari,iPhone/iPod,736,414,19.649,
12,condition1,the-some-all-a,"['the', False]",14,51293:9,[],55,Yes,I have none at this time.,3,1,0,Female,English ,Safari,iPhone/iPod,736,414,19.649,
12,condition1,the-some-all-a,"['the', False]",15,60430:4,[],55,Yes,I have none at this time.,3,1,0,Female,English ,Safari,iPhone/iPod,736,414,19.649,
12,condition1,the-some-all-a,"['the', False]",16,130644:22,[],55,Yes,I have none at this time.,3,1,0,Female,English ,Safari,iPhone/iPod,736,414,19.649,
12,condition1,the-some-all-a,"['the', False]",17,118088:9,[],55,Yes,I have none at this time.,3,1,0,Female,English ,Safari,iPhone/iPod,736,414,19.649,
7,condition1,,"['Yes it is a nice day out', 'Linda']",1,bot_check,[],25,Yes,,3,1,1,Male,English,Chrome,Windows,864,1536,4.74245,
7,condition1,,"['Linda', 'Linda']",1,bot_check,[],25,Yes,,3,1,1,Male,English,Chrome,Windows,864,1536,4.74245,
7,condition1,some-a-the-all,"['some', False]",3,example1,[],25,Yes,,3,1,1,Male,English,Chrome,Windows,864,1536,4.74245,
7,condition1,some-a-the-all,"['all', False]",3,example1,[],25,Yes,,3,1,1,Male,English,Chrome,Windows,864,1536,4.74245,
7,condition1,some-a-the-all,"['the', False]",4,example2,[],25,Yes,,3,1,1,Male,English,Chrome,Windows,864,1536,4.74245,
7,condition1,some-a-the-all,"['a', False]",4,example2,[],25,Yes,,3,1,1,Male,English,Chrome,Windows,864,1536,4.74245,
7,condition1,some-a-the-all,"['all', False]",5,example1,[],25,Yes,,3,1,1,Male,English,Chrome,Windows,864,1536,4.74245,
7,condition1,some-a-the-all,"['the', False]",6,example4,[],25,Yes,,3,1,1,Male,English,Chrome,Windows,864,1536,4.74245,
7,condition1,some-a-the-all,"['all', False]",8,68569:4,[],25,Yes,,3,1,1,Male,English,Chrome,Windows,864,1536,4.74245,
7,condition1,some-a-the-all,"['some', False]",9,60430:4,[],25,Yes,,3,1,1,Male,English,Chrome,Windows,864,1536,4.74245,
7,condition1,some-a-the-all,"['the', False]",10,51293:9,[],25,Yes,,3,1,1,Male,English,Chrome,Windows,864,1536,4.74245,
7,condition1,some-a-the-all,"['the', False]",11,130644:22,[],25,Yes,,3,1,1,Male,English,Chrome,Windows,864,1536,4.74245,
7,condition1,some-a-the-all,"['a', False]",12,37508:7,[],25,Yes,,3,1,1,Male,English,Chrome,Windows,864,1536,4.74245,
7,condition1,some-a-the-all,"['some', False]",13,118088:9,[],25,Yes,,3,1,1,Male,English,Chrome,Windows,864,1536,4.74245,
7,condition1,some-a-the-all,"['some', False]",14,61578:4,[],25,Yes,,3,1,1,Male,English,Chrome,Windows,864,1536,4.74245,
7,condition1,some-a-the-all,"['some', True]",15,103191:13,[],25,Yes,,3,1,1,Male,English,Chrome,Windows,864,1536,4.74245,
7,condition1,some-a-the-all,"['a', False]",16,40349:14,[],25,Yes,,3,1,1,Male,English,Chrome,Windows,864,1536,4.74245,
7,condition1,some-a-the-all,"['all', False]",17,102105:4,[],25,Yes,,3,1,1,Male,English,Chrome,Windows,864,1536,4.74245,
15,condition1,,"['Barbara', 'Barbara']",1,bot_check,[],,Yes,,-1,-1,-1,,,Chrome,Windows,864,1536,7.434966666666667,
15,condition1,the-some-a-all,"['a', False]",3,example1,[],,Yes,,-1,-1,-1,,,Chrome,Windows,864,1536,7.434966666666667,
15,condition1,the-some-a-all,"['a', False]",3,example1,[],,Yes,,-1,-1,-1,,,Chrome,Windows,864,1536,7.434966666666667,
15,condition1,the-some-a-all,"['some', False]",3,example1,[],,Yes,,-1,-1,-1,,,Chrome,Windows,864,1536,7.434966666666667,
15,condition1,the-some-a-all,"['some', False]",3,example1,[],,Yes,,-1,-1,-1,,,Chrome,Windows,864,1536,7.434966666666667,
15,condition1,the-some-a-all,"['the', False]",3,example1,[],,Yes,,-1,-1,-1,,,Chrome,Windows,864,1536,7.434966666666667,
15,condition1,the-some-a-all,"['all', False]",3,example1,[],,Yes,,-1,-1,-1,,,Chrome,Windows,864,1536,7.434966666666667,
15,condition1,the-some-a-all,"['some', False]",4,example2,[],,Yes,,-1,-1,-1,,,Chrome,Windows,864,1536,7.434966666666667,
15,condition1,the-some-a-all,"['all', False]",5,example1,[],,Yes,,-1,-1,-1,,,Chrome,Windows,864,1536,7.434966666666667,
15,condition1,the-some-a-all,"['the', False]",6,example4,[],,Yes,,-1,-1,-1,,,Chrome,Windows,864,1536,7.434966666666667,
15,condition1,the-some-a-all,"['the', False]",8,37508:7,[],,Yes,,-1,-1,-1,,,Chrome,Windows,864,1536,7.434966666666667,
15,condition1,the-some-a-all,"['the', False]",9,51293:9,[],,Yes,,-1,-1,-1,,,Chrome,Windows,864,1536,7.434966666666667,
15,condition1,the-some-a-all,"['the', False]",10,118088:9,[],,Yes,,-1,-1,-1,,,Chrome,Windows,864,1536,7.434966666666667,
15,condition1,the-some-a-all,"['a', False]",11,102105:4,[],,Yes,,-1,-1,-1,,,Chrome,Windows,864,1536,7.434966666666667,
15,condition1,the-some-a-all,"['some', False]",12,68569:4,[],,Yes,,-1,-1,-1,,,Chrome,Windows,864,1536,7.434966666666667,
15,condition1,the-some-a-all,"['some', False]",13,103191:13,[],,Yes,,-1,-1,-1,,,Chrome,Windows,864,1536,7.434966666666667,
15,condition1,the-some-a-all,"['the', False]",14,61578:4,[],,Yes,,-1,-1,-1,,,Chrome,Windows,864,1536,7.434966666666667,
15,condition1,the-some-a-all,"['the', True]",15,40349:14,[],,Yes,,-1,-1,-1,,,Chrome,Windows,864,1536,7.434966666666667,
15,condition1,the-some-a-all,"['some', False]",16,60430:4,[],,Yes,,-1,-1,-1,,,Chrome,Windows,864,1536,7.434966666666667,
15,condition1,the-some-a-all,"['a', False]",17,130644:22,[],,Yes,,-1,-1,-1,,,Chrome,Windows,864,1536,7.434966666666667,
11,condition1,,"['Elizabeth', 'Elizabeth']",1,bot_check,[],23,Yes,,3,1,1,Female,Chinese,Chrome,Mac,900,1600,2.74785,
11,condition1,a-the-all-some,"['the', False]",3,example1,[],23,Yes,,3,1,1,Female,Chinese,Chrome,Mac,900,1600,2.74785,
11,condition1,a-the-all-some,"['all', False]",3,example1,[],23,Yes,,3,1,1,Female,Chinese,Chrome,Mac,900,1600,2.74785,
11,condition1,a-the-all-some,"['a', False]",4,example2,[],23,Yes,,3,1,1,Female,Chinese,Chrome,Mac,900,1600,2.74785,
11,condition1,a-the-all-some,"['some', False]",5,example1,[],23,Yes,,3,1,1,Female,Chinese,Chrome,Mac,900,1600,2.74785,
11,condition1,a-the-all-some,"['all', False]",5,example1,[],23,Yes,,3,1,1,Female,Chinese,Chrome,Mac,900,1600,2.74785,
11,condition1,a-the-all-some,"['the', False]",6,example4,[],23,Yes,,3,1,1,Female,Chinese,Chrome,Mac,900,1600,2.74785,
11,condition1,a-the-all-some,"['the', False]",8,40349:14,[],23,Yes,,3,1,1,Female,Chinese,Chrome,Mac,900,1600,2.74785,
11,condition1,a-the-all-some,"['the', False]",9,68569:4,[],23,Yes,,3,1,1,Female,Chinese,Chrome,Mac,900,1600,2.74785,
11,condition1,a-the-all-some,"['the', False]",10,51293:9,[],23,Yes,,3,1,1,Female,Chinese,Chrome,Mac,900,1600,2.74785,
11,condition1,a-the-all-some,"['all', False]",11,61578:4,[],23,Yes,,3,1,1,Female,Chinese,Chrome,Mac,900,1600,2.74785,
11,condition1,a-the-all-some,"['the', False]",12,37508:7,[],23,Yes,,3,1,1,Female,Chinese,Chrome,Mac,900,1600,2.74785,
11,condition1,a-the-all-some,"['a', False]",13,60430:4,[],23,Yes,,3,1,1,Female,Chinese,Chrome,Mac,900,1600,2.74785,
11,condition1,a-the-all-some,"['the', False]",14,130644:22,[],23,Yes,,3,1,1,Female,Chinese,Chrome,Mac,900,1600,2.74785,
11,condition1,a-the-all-some,"['a', False]",15,118088:9,[],23,Yes,,3,1,1,Female,Chinese,Chrome,Mac,900,1600,2.74785,
11,condition1,a-the-all-some,"['some', True]",16,103191:13,[],23,Yes,,3,1,1,Female,Chinese,Chrome,Mac,900,1600,2.74785,
11,condition1,a-the-all-some,"['a', False]",17,102105:4,[],23,Yes,,3,1,1,Female,Chinese,Chrome,Mac,900,1600,2.74785,
3,condition1,,"['dfg', 'Barbara']",1,bot_check,[],,,,-1,-1,-1,,,Firefox,Mac,1080,1920,0.7459166666666667,
3,condition1,,"['barbara', 'Barbara']",1,bot_check,[],,,,-1,-1,-1,,,Firefox,Mac,1080,1920,0.7459166666666667,
3,condition1,all-some-a-the,"['all', False]",3,example1,[],,,,-1,-1,-1,,,Firefox,Mac,1080,1920,0.7459166666666667,
3,condition1,all-some-a-the,"['a', False]",4,example2,[],,,,-1,-1,-1,,,Firefox,Mac,1080,1920,0.7459166666666667,
3,condition1,all-some-a-the,"['all', False]",5,example1,[],,,,-1,-1,-1,,,Firefox,Mac,1080,1920,0.7459166666666667,
3,condition1,all-some-a-the,"['a', False]",6,example4,[],,,,-1,-1,-1,,,Firefox,Mac,1080,1920,0.7459166666666667,
3,condition1,all-some-a-the,"['some', False]",8,40349:14,[],,,,-1,-1,-1,,,Firefox,Mac,1080,1920,0.7459166666666667,
3,condition1,all-some-a-the,"['all', True]",9,37508:7,[],,,,-1,-1,-1,,,Firefox,Mac,1080,1920,0.7459166666666667,
3,condition1,all-some-a-the,"['a', False]",10,60430:4,[],,,,-1,-1,-1,,,Firefox,Mac,1080,1920,0.7459166666666667,
3,condition1,all-some-a-the,"['all', False]",11,51293:9,[],,,,-1,-1,-1,,,Firefox,Mac,1080,1920,0.7459166666666667,
3,condition1,all-some-a-the,"['a', False]",12,68569:4,[],,,,-1,-1,-1,,,Firefox,Mac,1080,1920,0.7459166666666667,
3,condition1,all-some-a-the,"['the', False]",13,102105:4,[],,,,-1,-1,-1,,,Firefox,Mac,1080,1920,0.7459166666666667,
3,condition1,all-some-a-the,"['the', False]",14,103191:13,[],,,,-1,-1,-1,,,Firefox,Mac,1080,1920,0.7459166666666667,
3,condition1,all-some-a-the,"['the', False]",15,61578:4,[],,,,-1,-1,-1,,,Firefox,Mac,1080,1920,0.7459166666666667,
3,condition1,all-some-a-the,"['all', False]",16,118088:9,[],,,,-1,-1,-1,,,Firefox,Mac,1080,1920,0.7459166666666667,
3,condition1,all-some-a-the,"['some', False]",17,130644:22,[],,,,-1,-1,-1,,,Firefox,Mac,1080,1920,0.7459166666666667,
27,condition1,,"['Linda', 'Linda']",1,bot_check,[],28,Yes,Some of these I wanted an option for an any rather than an every. ,4,1,1,Male,English,Chrome,Linux,786,393,8.3676,
27,condition1,all-the-some-a,"['all', False]",3,example1,[],28,Yes,Some of these I wanted an option for an any rather than an every. ,4,1,1,Male,English,Chrome,Linux,786,393,8.3676,
27,condition1,all-the-some-a,"['a', False]",4,example2,[],28,Yes,Some of these I wanted an option for an any rather than an every. ,4,1,1,Male,English,Chrome,Linux,786,393,8.3676,
27,condition1,all-the-some-a,"['all', False]",5,example1,[],28,Yes,Some of these I wanted an option for an any rather than an every. ,4,1,1,Male,English,Chrome,Linux,786,393,8.3676,
27,condition1,all-the-some-a,"['the', False]",6,example4,[],28,Yes,Some of these I wanted an option for an any rather than an every. ,4,1,1,Male,English,Chrome,Linux,786,393,8.3676,
27,condition1,all-the-some-a,"['a', False]",8,68569:4,[],28,Yes,Some of these I wanted an option for an any rather than an every. ,4,1,1,Male,English,Chrome,Linux,786,393,8.3676,
27,condition1,all-the-some-a,"['the', False]",9,37508:7,[],28,Yes,Some of these I wanted an option for an any rather than an every. ,4,1,1,Male,English,Chrome,Linux,786,393,8.3676,
27,condition1,all-the-some-a,"['the', False]",10,118088:9,[],28,Yes,Some of these I wanted an option for an any rather than an every. ,4,1,1,Male,English,Chrome,Linux,786,393,8.3676,
27,condition1,all-the-some-a,"['the', False]",11,51293:9,[],28,Yes,Some of these I wanted an option for an any rather than an every. ,4,1,1,Male,English,Chrome,Linux,786,393,8.3676,
27,condition1,all-the-some-a,"['a', False]",12,130644:22,[],28,Yes,Some of these I wanted an option for an any rather than an every. ,4,1,1,Male,English,Chrome,Linux,786,393,8.3676,
27,condition1,all-the-some-a,"['the', False]",13,61578:4,[],28,Yes,Some of these I wanted an option for an any rather than an every. ,4,1,1,Male,English,Chrome,Linux,786,393,8.3676,
27,condition1,all-the-some-a,"['all', False]",14,103191:13,[],28,Yes,Some of these I wanted an option for an any rather than an every. ,4,1,1,Male,English,Chrome,Linux,786,393,8.3676,
27,condition1,all-the-some-a,"['some', False]",15,60430:4,[],28,Yes,Some of these I wanted an option for an any rather than an every. ,4,1,1,Male,English,Chrome,Linux,786,393,8.3676,
27,condition1,all-the-some-a,"['the', False]",16,102105:4,[],28,Yes,Some of these I wanted an option for an any rather than an every. ,4,1,1,Male,English,Chrome,Linux,786,393,8.3676,
27,condition1,all-the-some-a,"['the', False]",17,40349:14,[],28,Yes,Some of these I wanted an option for an any rather than an every. ,4,1,1,Male,English,Chrome,Linux,786,393,8.3676,
6,condition1,,"['Jessica', 'Jessica']",1,bot_check,[],18,Yes,The dialogues seemed very incomplete,2,1,0,Female,English,Safari,iPhone/iPod,667,375,5.239716666666666,
6,condition1,a-the-all-some,"['a', False]",3,example1,[],18,Yes,The dialogues seemed very incomplete,2,1,0,Female,English,Safari,iPhone/iPod,667,375,5.239716666666666,
6,condition1,a-the-all-some,"['a', False]",3,example1,[],18,Yes,The dialogues seemed very incomplete,2,1,0,Female,English,Safari,iPhone/iPod,667,375,5.239716666666666,
6,condition1,a-the-all-some,"['a', False]",3,example1,[],18,Yes,The dialogues seemed very incomplete,2,1,0,Female,English,Safari,iPhone/iPod,667,375,5.239716666666666,
6,condition1,a-the-all-some,"['a', False]",3,example1,[],18,Yes,The dialogues seemed very incomplete,2,1,0,Female,English,Safari,iPhone/iPod,667,375,5.239716666666666,
6,condition1,a-the-all-some,"['all', False]",3,example1,[],18,Yes,The dialogues seemed very incomplete,2,1,0,Female,English,Safari,iPhone/iPod,667,375,5.239716666666666,
6,condition1,a-the-all-some,"['some', False]",4,example2,[],18,Yes,The dialogues seemed very incomplete,2,1,0,Female,English,Safari,iPhone/iPod,667,375,5.239716666666666,
6,condition1,a-the-all-some,"['all', False]",5,example1,[],18,Yes,The dialogues seemed very incomplete,2,1,0,Female,English,Safari,iPhone/iPod,667,375,5.239716666666666,
6,condition1,a-the-all-some,"['the', False]",6,example4,[],18,Yes,The dialogues seemed very incomplete,2,1,0,Female,English,Safari,iPhone/iPod,667,375,5.239716666666666,
6,condition1,a-the-all-some,"['some', False]",8,40349:14,[],18,Yes,The dialogues seemed very incomplete,2,1,0,Female,English,Safari,iPhone/iPod,667,375,5.239716666666666,
6,condition1,a-the-all-some,"['a', False]",9,60430:4,[],18,Yes,The dialogues seemed very incomplete,2,1,0,Female,English,Safari,iPhone/iPod,667,375,5.239716666666666,
6,condition1,a-the-all-some,"['the', False]",10,51293:9,[],18,Yes,The dialogues seemed very incomplete,2,1,0,Female,English,Safari,iPhone/iPod,667,375,5.239716666666666,
6,condition1,a-the-all-some,"['the', False]",11,61578:4,[],18,Yes,The dialogues seemed very incomplete,2,1,0,Female,English,Safari,iPhone/iPod,667,375,5.239716666666666,
6,condition1,a-the-all-some,"['the', False]",12,68569:4,[],18,Yes,The dialogues seemed very incomplete,2,1,0,Female,English,Safari,iPhone/iPod,667,375,5.239716666666666,
6,condition1,a-the-all-some,"['some', False]",13,37508:7,[],18,Yes,The dialogues seemed very incomplete,2,1,0,Female,English,Safari,iPhone/iPod,667,375,5.239716666666666,
6,condition1,a-the-all-some,"['some', False]",14,103191:13,[],18,Yes,The dialogues seemed very incomplete,2,1,0,Female,English,Safari,iPhone/iPod,667,375,5.239716666666666,
6,condition1,a-the-all-some,"['the', False]",15,118088:9,[],18,Yes,The dialogues seemed very incomplete,2,1,0,Female,English,Safari,iPhone/iPod,667,375,5.239716666666666,
6,condition1,a-the-all-some,"['some', False]",16,130644:22,[],18,Yes,The dialogues seemed very incomplete,2,1,0,Female,English,Safari,iPhone/iPod,667,375,5.239716666666666,
6,condition1,a-the-all-some,"['some', False]",17,102105:4,[],18,Yes,The dialogues seemed very incomplete,2,1,0,Female,English,Safari,iPhone/iPod,667,375,5.239716666666666,
9,condition1,,"['Barbara', 'Barbara']",1,bot_check,[],20,Yes,,2,1,1,Male,English,Chrome,Windows,1440,2560,5.015583333333334,
9,condition1,a-some-all-the,"['the', False]",3,example1,[],20,Yes,,2,1,1,Male,English,Chrome,Windows,1440,2560,5.015583333333334,
9,condition1,a-some-all-the,"['the', False]",3,example1,[],20,Yes,,2,1,1,Male,English,Chrome,Windows,1440,2560,5.015583333333334,
9,condition1,a-some-all-the,"['all', False]",3,example1,[],20,Yes,,2,1,1,Male,English,Chrome,Windows,1440,2560,5.015583333333334,
9,condition1,a-some-all-the,"['a', False]",4,example2,[],20,Yes,,2,1,1,Male,English,Chrome,Windows,1440,2560,5.015583333333334,
9,condition1,a-some-all-the,"['the', False]",5,example1,[],20,Yes,,2,1,1,Male,English,Chrome,Windows,1440,2560,5.015583333333334,
9,condition1,a-some-all-the,"['a', False]",5,example1,[],20,Yes,,2,1,1,Male,English,Chrome,Windows,1440,2560,5.015583333333334,
9,condition1,a-some-all-the,"['all', False]",5,example1,[],20,Yes,,2,1,1,Male,English,Chrome,Windows,1440,2560,5.015583333333334,
9,condition1,a-some-all-the,"['some', False]",6,example4,[],20,Yes,,2,1,1,Male,English,Chrome,Windows,1440,2560,5.015583333333334,
9,condition1,a-some-all-the,"['the', True]",8,40349:14,[],20,Yes,,2,1,1,Male,English,Chrome,Windows,1440,2560,5.015583333333334,
9,condition1,a-some-all-the,"['all', True]",9,103191:13,[],20,Yes,,2,1,1,Male,English,Chrome,Windows,1440,2560,5.015583333333334,
9,condition1,a-some-all-the,"['all', False]",10,102105:4,[],20,Yes,,2,1,1,Male,English,Chrome,Windows,1440,2560,5.015583333333334,
9,condition1,a-some-all-the,"['all', False]",11,61578:4,[],20,Yes,,2,1,1,Male,English,Chrome,Windows,1440,2560,5.015583333333334,
9,condition1,a-some-all-the,"['all', True]",12,60430:4,[],20,Yes,,2,1,1,Male,English,Chrome,Windows,1440,2560,5.015583333333334,
9,condition1,a-some-all-the,"['the', True]",13,37508:7,[],20,Yes,,2,1,1,Male,English,Chrome,Windows,1440,2560,5.015583333333334,
9,condition1,a-some-all-the,"['all', False]",14,130644:22,[],20,Yes,,2,1,1,Male,English,Chrome,Windows,1440,2560,5.015583333333334,
9,condition1,a-some-all-the,"['a', False]",15,68569:4,[],20,Yes,,2,1,1,Male,English,Chrome,Windows,1440,2560,5.015583333333334,
9,condition1,a-some-all-the,"['the', False]",16,51293:9,[],20,Yes,,2,1,1,Male,English,Chrome,Windows,1440,2560,5.015583333333334,
9,condition1,a-some-all-the,"['the', False]",17,118088:9,[],20,Yes,,2,1,1,Male,English,Chrome,Windows,1440,2560,5.015583333333334,
19,condition1,,"['Mary', 'Mary']",1,bot_check,[],30,Yes,thank u ,3,-1,1,Female,English,Firefox,Windows,663,1366,6.061633333333333,
19,condition1,all-a-the-some,"['a', False]",3,example1,[],30,Yes,thank u ,3,-1,1,Female,English,Firefox,Windows,663,1366,6.061633333333333,
19,condition1,all-a-the-some,"['a', False]",3,example1,[],30,Yes,thank u ,3,-1,1,Female,English,Firefox,Windows,663,1366,6.061633333333333,
19,condition1,all-a-the-some,"['some', False]",3,example1,[],30,Yes,thank u ,3,-1,1,Female,English,Firefox,Windows,663,1366,6.061633333333333,
19,condition1,all-a-the-some,"['the', False]",3,example1,[],30,Yes,thank u ,3,-1,1,Female,English,Firefox,Windows,663,1366,6.061633333333333,
19,condition1,all-a-the-some,"['all', False]",3,example1,[],30,Yes,thank u ,3,-1,1,Female,English,Firefox,Windows,663,1366,6.061633333333333,
19,condition1,all-a-the-some,"['the', False]",4,example2,[],30,Yes,thank u ,3,-1,1,Female,English,Firefox,Windows,663,1366,6.061633333333333,
19,condition1,all-a-the-some,"['all', False]",4,example2,[],30,Yes,thank u ,3,-1,1,Female,English,Firefox,Windows,663,1366,6.061633333333333,
19,condition1,all-a-the-some,"['some', False]",4,example2,[],30,Yes,thank u ,3,-1,1,Female,English,Firefox,Windows,663,1366,6.061633333333333,
19,condition1,all-a-the-some,"['all', False]",5,example1,[],30,Yes,thank u ,3,-1,1,Female,English,Firefox,Windows,663,1366,6.061633333333333,
19,condition1,all-a-the-some,"['the', False]",6,example4,[],30,Yes,thank u ,3,-1,1,Female,English,Firefox,Windows,663,1366,6.061633333333333,
19,condition1,all-a-the-some,"['all', False]",8,51293:9,[],30,Yes,thank u ,3,-1,1,Female,English,Firefox,Windows,663,1366,6.061633333333333,
19,condition1,all-a-the-some,"['all', False]",9,130644:22,[],30,Yes,thank u ,3,-1,1,Female,English,Firefox,Windows,663,1366,6.061633333333333,
19,condition1,all-a-the-some,"['all', False]",10,60430:4,[],30,Yes,thank u ,3,-1,1,Female,English,Firefox,Windows,663,1366,6.061633333333333,
19,condition1,all-a-the-some,"['all', False]",11,68569:4,[],30,Yes,thank u ,3,-1,1,Female,English,Firefox,Windows,663,1366,6.061633333333333,
19,condition1,all-a-the-some,"['the', False]",12,40349:14,[],30,Yes,thank u ,3,-1,1,Female,English,Firefox,Windows,663,1366,6.061633333333333,
19,condition1,all-a-the-some,"['some', False]",13,61578:4,[],30,Yes,thank u ,3,-1,1,Female,English,Firefox,Windows,663,1366,6.061633333333333,
19,condition1,all-a-the-some,"['all', False]",14,37508:7,[],30,Yes,thank u ,3,-1,1,Female,English,Firefox,Windows,663,1366,6.061633333333333,
19,condition1,all-a-the-some,"['some', False]",15,102105:4,[],30,Yes,thank u ,3,-1,1,Female,English,Firefox,Windows,663,1366,6.061633333333333,
19,condition1,all-a-the-some,"['some', False]",16,118088:9,[],30,Yes,thank u ,3,-1,1,Female,English,Firefox,Windows,663,1366,6.061633333333333,
19,condition1,all-a-the-some,"['all', False]",17,103191:13,[],30,Yes,thank u ,3,-1,1,Female,English,Firefox,Windows,663,1366,6.061633333333333,
8,condition1,,"['Patricia', 'Patricia']",1,bot_check,[],38,Yes,,3,1,1,Male,English,Chrome,Windows,768,1366,5.908516666666666,
8,condition1,a-some-the-all,"['a', False]",3,example1,[],38,Yes,,3,1,1,Male,English,Chrome,Windows,768,1366,5.908516666666666,
8,condition1,a-some-the-all,"['a', False]",3,example1,[],38,Yes,,3,1,1,Male,English,Chrome,Windows,768,1366,5.908516666666666,
8,condition1,a-some-the-all,"['all', False]",3,example1,[],38,Yes,,3,1,1,Male,English,Chrome,Windows,768,1366,5.908516666666666,
8,condition1,a-some-the-all,"['some', False]",4,example2,[],38,Yes,,3,1,1,Male,English,Chrome,Windows,768,1366,5.908516666666666,
8,condition1,a-some-the-all,"['some', False]",5,example1,[],38,Yes,,3,1,1,Male,English,Chrome,Windows,768,1366,5.908516666666666,
8,condition1,a-some-the-all,"['some', True]",5,example1,[],38,Yes,,3,1,1,Male,English,Chrome,Windows,768,1366,5.908516666666666,
8,condition1,a-some-the-all,"['the', True]",5,example1,[],38,Yes,,3,1,1,Male,English,Chrome,Windows,768,1366,5.908516666666666,
8,condition1,a-some-the-all,"['a', True]",5,example1,[],38,Yes,,3,1,1,Male,English,Chrome,Windows,768,1366,5.908516666666666,
8,condition1,a-some-the-all,"['a', False]",5,example1,[],38,Yes,,3,1,1,Male,English,Chrome,Windows,768,1366,5.908516666666666,
8,condition1,a-some-the-all,"['some', False]",5,example1,[],38,Yes,,3,1,1,Male,English,Chrome,Windows,768,1366,5.908516666666666,
8,condition1,a-some-the-all,"['the', False]",5,example1,[],38,Yes,,3,1,1,Male,English,Chrome,Windows,768,1366,5.908516666666666,
8,condition1,a-some-the-all,"['all', False]",5,example1,[],38,Yes,,3,1,1,Male,English,Chrome,Windows,768,1366,5.908516666666666,
8,condition1,a-some-the-all,"['the', False]",6,example4,[],38,Yes,,3,1,1,Male,English,Chrome,Windows,768,1366,5.908516666666666,
8,condition1,a-some-the-all,"['all', False]",8,60430:4,[],38,Yes,,3,1,1,Male,English,Chrome,Windows,768,1366,5.908516666666666,
8,condition1,a-some-the-all,"['some', False]",9,102105:4,[],38,Yes,,3,1,1,Male,English,Chrome,Windows,768,1366,5.908516666666666,
8,condition1,a-some-the-all,"['all', True]",10,103191:13,[],38,Yes,,3,1,1,Male,English,Chrome,Windows,768,1366,5.908516666666666,
8,condition1,a-some-the-all,"['all', False]",11,130644:22,[],38,Yes,,3,1,1,Male,English,Chrome,Windows,768,1366,5.908516666666666,
8,condition1,a-some-the-all,"['the', False]",12,40349:14,[],38,Yes,,3,1,1,Male,English,Chrome,Windows,768,1366,5.908516666666666,
8,condition1,a-some-the-all,"['a', False]",13,51293:9,[],38,Yes,,3,1,1,Male,English,Chrome,Windows,768,1366,5.908516666666666,
8,condition1,a-some-the-all,"['the', False]",14,61578:4,[],38,Yes,,3,1,1,Male,English,Chrome,Windows,768,1366,5.908516666666666,
8,condition1,a-some-the-all,"['a', False]",15,68569:4,[],38,Yes,,3,1,1,Male,English,Chrome,Windows,768,1366,5.908516666666666,
8,condition1,a-some-the-all,"['some', False]",16,118088:9,[],38,Yes,,3,1,1,Male,English,Chrome,Windows,768,1366,5.908516666666666,
8,condition1,a-some-the-all,"['all', False]",17,37508:7,[],38,Yes,,3,1,1,Male,English,Chrome,Windows,768,1366,5.908516666666666,
25,condition1,,"['Margaret', 'Margaret']",1,bot_check,[],19,Confused,,2,1,1,Male,English,Chrome,Windows,1080,1920,1.8971166666666663,
25,condition1,some-a-all-the,"['some', False]",3,example1,[],19,Confused,,2,1,1,Male,English,Chrome,Windows,1080,1920,1.8971166666666663,
25,condition1,some-a-all-the,"['some', False]",3,example1,[],19,Confused,,2,1,1,Male,English,Chrome,Windows,1080,1920,1.8971166666666663,
25,condition1,some-a-all-the,"['some', True]",3,example1,[],19,Confused,,2,1,1,Male,English,Chrome,Windows,1080,1920,1.8971166666666663,
25,condition1,some-a-all-the,"['a', False]",3,example1,[],19,Confused,,2,1,1,Male,English,Chrome,Windows,1080,1920,1.8971166666666663,
25,condition1,some-a-all-the,"['a', False]",3,example1,[],19,Confused,,2,1,1,Male,English,Chrome,Windows,1080,1920,1.8971166666666663,
25,condition1,some-a-all-the,"['a', False]",3,example1,[],19,Confused,,2,1,1,Male,English,Chrome,Windows,1080,1920,1.8971166666666663,
25,condition1,some-a-all-the,"['a', False]",3,example1,[],19,Confused,,2,1,1,Male,English,Chrome,Windows,1080,1920,1.8971166666666663,
25,condition1,some-a-all-the,"['the', False]",3,example1,[],19,Confused,,2,1,1,Male,English,Chrome,Windows,1080,1920,1.8971166666666663,
25,condition1,some-a-all-the,"['the', False]",3,example1,[],19,Confused,,2,1,1,Male,English,Chrome,Windows,1080,1920,1.8971166666666663,
25,condition1,some-a-all-the,"['the', False]",3,example1,[],19,Confused,,2,1,1,Male,English,Chrome,Windows,1080,1920,1.8971166666666663,
25,condition1,some-a-all-the,"['the', False]",3,example1,[],19,Confused,,2,1,1,Male,English,Chrome,Windows,1080,1920,1.8971166666666663,
25,condition1,some-a-all-the,"['all', False]",3,example1,[],19,Confused,,2,1,1,Male,English,Chrome,Windows,1080,1920,1.8971166666666663,
25,condition1,some-a-all-the,"['some', False]",4,example2,[],19,Confused,,2,1,1,Male,English,Chrome,Windows,1080,1920,1.8971166666666663,
25,condition1,some-a-all-the,"['some', False]",5,example1,[],19,Confused,,2,1,1,Male,English,Chrome,Windows,1080,1920,1.8971166666666663,
25,condition1,some-a-all-the,"['all', False]",5,example1,[],19,Confused,,2,1,1,Male,English,Chrome,Windows,1080,1920,1.8971166666666663,
25,condition1,some-a-all-the,"['a', False]",6,example4,[],19,Confused,,2,1,1,Male,English,Chrome,Windows,1080,1920,1.8971166666666663,
25,condition1,some-a-all-the,"['a', False]",8,37508:7,[],19,Confused,,2,1,1,Male,English,Chrome,Windows,1080,1920,1.8971166666666663,
25,condition1,some-a-all-the,"['all', False]",9,61578:4,[],19,Confused,,2,1,1,Male,English,Chrome,Windows,1080,1920,1.8971166666666663,
25,condition1,some-a-all-the,"['the', False]",10,68569:4,[],19,Confused,,2,1,1,Male,English,Chrome,Windows,1080,1920,1.8971166666666663,
25,condition1,some-a-all-the,"['all', False]",11,118088:9,[],19,Confused,,2,1,1,Male,English,Chrome,Windows,1080,1920,1.8971166666666663,
25,condition1,some-a-all-the,"['some', False]",12,130644:22,[],19,Confused,,2,1,1,Male,English,Chrome,Windows,1080,1920,1.8971166666666663,
25,condition1,some-a-all-the,"['a', False]",13,103191:13,[],19,Confused,,2,1,1,Male,English,Chrome,Windows,1080,1920,1.8971166666666663,
25,condition1,some-a-all-the,"['all', False]",14,40349:14,[],19,Confused,,2,1,1,Male,English,Chrome,Windows,1080,1920,1.8971166666666663,
25,condition1,some-a-all-the,"['the', False]",15,60430:4,[],19,Confused,,2,1,1,Male,English,Chrome,Windows,1080,1920,1.8971166666666663,
25,condition1,some-a-all-the,"['a', False]",16,102105:4,[],19,Confused,,2,1,1,Male,English,Chrome,Windows,1080,1920,1.8971166666666663,
25,condition1,some-a-all-the,"['the', False]",17,51293:9,[],19,Confused,,2,1,1,Male,English,Chrome,Windows,1080,1920,1.8971166666666663,
10,condition1,,"['Linda', 'Linda']",1,bot_check,[],41,Yes,,2,1,1,Female,English,Chrome,Windows,900,1440,4.2252,
10,condition1,some-a-the-all,"['all', False]",3,example1,[],41,Yes,,2,1,1,Female,English,Chrome,Windows,900,1440,4.2252,
10,condition1,some-a-the-all,"['a', False]",4,example2,[],41,Yes,,2,1,1,Female,English,Chrome,Windows,900,1440,4.2252,
10,condition1,some-a-the-all,"['all', False]",5,example1,[],41,Yes,,2,1,1,Female,English,Chrome,Windows,900,1440,4.2252,
10,condition1,some-a-the-all,"['the', False]",6,example4,[],41,Yes,,2,1,1,Female,English,Chrome,Windows,900,1440,4.2252,
10,condition1,some-a-the-all,"['all', True]",8,130644:22,[],41,Yes,,2,1,1,Female,English,Chrome,Windows,900,1440,4.2252,
10,condition1,some-a-the-all,"['the', True]",9,40349:14,[],41,Yes,,2,1,1,Female,English,Chrome,Windows,900,1440,4.2252,
10,condition1,some-a-the-all,"['the', False]",10,61578:4,[],41,Yes,,2,1,1,Female,English,Chrome,Windows,900,1440,4.2252,
10,condition1,some-a-the-all,"['the', False]",11,118088:9,[],41,Yes,,2,1,1,Female,English,Chrome,Windows,900,1440,4.2252,
10,condition1,some-a-the-all,"['all', False]",12,60430:4,[],41,Yes,,2,1,1,Female,English,Chrome,Windows,900,1440,4.2252,
10,condition1,some-a-the-all,"['the', False]",13,37508:7,[],41,Yes,,2,1,1,Female,English,Chrome,Windows,900,1440,4.2252,
10,condition1,some-a-the-all,"['the', False]",14,51293:9,[],41,Yes,,2,1,1,Female,English,Chrome,Windows,900,1440,4.2252,
10,condition1,some-a-the-all,"['all', False]",15,103191:13,[],41,Yes,,2,1,1,Female,English,Chrome,Windows,900,1440,4.2252,
10,condition1,some-a-the-all,"['some', False]",16,102105:4,[],41,Yes,,2,1,1,Female,English,Chrome,Windows,900,1440,4.2252,
10,condition1,some-a-the-all,"['the', False]",17,68569:4,[],41,Yes,,2,1,1,Female,English,Chrome,Windows,900,1440,4.2252,
18,condition1,,"['Patricia', 'Patricia']",1,bot_check,[],36,Confused,"Nothing in this seemed to make any sense, everything seemed very jumbled and confused.",3,0,0,Male,English,Chrome,Windows,1080,1920,5.580316666666667,
18,condition1,a-the-some-all,"['all', False]",3,example1,[],36,Confused,"Nothing in this seemed to make any sense, everything seemed very jumbled and confused.",3,0,0,Male,English,Chrome,Windows,1080,1920,5.580316666666667,
18,condition1,a-the-some-all,"['a', False]",4,example2,[],36,Confused,"Nothing in this seemed to make any sense, everything seemed very jumbled and confused.",3,0,0,Male,English,Chrome,Windows,1080,1920,5.580316666666667,
18,condition1,a-the-some-all,"['all', False]",5,example1,[],36,Confused,"Nothing in this seemed to make any sense, everything seemed very jumbled and confused.",3,0,0,Male,English,Chrome,Windows,1080,1920,5.580316666666667,
18,condition1,a-the-some-all,"['the', False]",6,example4,[],36,Confused,"Nothing in this seemed to make any sense, everything seemed very jumbled and confused.",3,0,0,Male,English,Chrome,Windows,1080,1920,5.580316666666667,
18,condition1,a-the-some-all,"['a', True]",8,103191:13,[],36,Confused,"Nothing in this seemed to make any sense, everything seemed very jumbled and confused.",3,0,0,Male,English,Chrome,Windows,1080,1920,5.580316666666667,
18,condition1,a-the-some-all,"['a', True]",9,68569:4,[],36,Confused,"Nothing in this seemed to make any sense, everything seemed very jumbled and confused.",3,0,0,Male,English,Chrome,Windows,1080,1920,5.580316666666667,
18,condition1,a-the-some-all,"['a', True]",10,37508:7,[],36,Confused,"Nothing in this seemed to make any sense, everything seemed very jumbled and confused.",3,0,0,Male,English,Chrome,Windows,1080,1920,5.580316666666667,
18,condition1,a-the-some-all,"['a', True]",11,40349:14,[],36,Confused,"Nothing in this seemed to make any sense, everything seemed very jumbled and confused.",3,0,0,Male,English,Chrome,Windows,1080,1920,5.580316666666667,
18,condition1,a-the-some-all,"['a', True]",12,118088:9,[],36,Confused,"Nothing in this seemed to make any sense, everything seemed very jumbled and confused.",3,0,0,Male,English,Chrome,Windows,1080,1920,5.580316666666667,
18,condition1,a-the-some-all,"['a', True]",13,60430:4,[],36,Confused,"Nothing in this seemed to make any sense, everything seemed very jumbled and confused.",3,0,0,Male,English,Chrome,Windows,1080,1920,5.580316666666667,
18,condition1,a-the-some-all,"['all', True]",14,61578:4,[],36,Confused,"Nothing in this seemed to make any sense, everything seemed very jumbled and confused.",3,0,0,Male,English,Chrome,Windows,1080,1920,5.580316666666667,
18,condition1,a-the-some-all,"['a', True]",15,102105:4,[],36,Confused,"Nothing in this seemed to make any sense, everything seemed very jumbled and confused.",3,0,0,Male,English,Chrome,Windows,1080,1920,5.580316666666667,
18,condition1,a-the-some-all,"['a', False]",16,51293:9,[],36,Confused,"Nothing in this seemed to make any sense, everything seemed very jumbled and confused.",3,0,0,Male,English,Chrome,Windows,1080,1920,5.580316666666667,
18,condition1,a-the-some-all,"['a', True]",17,130644:22,[],36,Confused,"Nothing in this seemed to make any sense, everything seemed very jumbled and confused.",3,0,0,Male,English,Chrome,Windows,1080,1920,5.580316666666667,
5,condition1,,"['sarah', 'Sarah']",1,bot_check,[],37,Yes,"The ""none of the above"" option wasn't working for me",2,1,1,Female,English ,Firefox,Linux,740,360,11.486,
5,condition1,a-some-the-all,"['some', False]",3,example1,[],37,Yes,"The ""none of the above"" option wasn't working for me",2,1,1,Female,English ,Firefox,Linux,740,360,11.486,
5,condition1,a-some-the-all,"['all', False]",3,example1,[],37,Yes,"The ""none of the above"" option wasn't working for me",2,1,1,Female,English ,Firefox,Linux,740,360,11.486,
5,condition1,a-some-the-all,"['a', False]",4,example2,[],37,Yes,"The ""none of the above"" option wasn't working for me",2,1,1,Female,English ,Firefox,Linux,740,360,11.486,
5,condition1,a-some-the-all,"['all', False]",5,example1,[],37,Yes,"The ""none of the above"" option wasn't working for me",2,1,1,Female,English ,Firefox,Linux,740,360,11.486,
5,condition1,a-some-the-all,"['the', False]",6,example4,[],37,Yes,"The ""none of the above"" option wasn't working for me",2,1,1,Female,English ,Firefox,Linux,740,360,11.486,
5,condition1,a-some-the-all,"['some', True]",8,102105:4,[],37,Yes,"The ""none of the above"" option wasn't working for me",2,1,1,Female,English ,Firefox,Linux,740,360,11.486,
5,condition1,a-some-the-all,"['a', True]",9,61578:4,[],37,Yes,"The ""none of the above"" option wasn't working for me",2,1,1,Female,English ,Firefox,Linux,740,360,11.486,
5,condition1,a-some-the-all,"['a', False]",10,68569:4,[],37,Yes,"The ""none of the above"" option wasn't working for me",2,1,1,Female,English ,Firefox,Linux,740,360,11.486,
5,condition1,a-some-the-all,"['the', False]",11,51293:9,[],37,Yes,"The ""none of the above"" option wasn't working for me",2,1,1,Female,English ,Firefox,Linux,740,360,11.486,
5,condition1,a-some-the-all,"['all', True]",12,103191:13,[],37,Yes,"The ""none of the above"" option wasn't working for me",2,1,1,Female,English ,Firefox,Linux,740,360,11.486,
5,condition1,a-some-the-all,"['the', False]",13,118088:9,[],37,Yes,"The ""none of the above"" option wasn't working for me",2,1,1,Female,English ,Firefox,Linux,740,360,11.486,
5,condition1,a-some-the-all,"['the', True]",14,40349:14,[],37,Yes,"The ""none of the above"" option wasn't working for me",2,1,1,Female,English ,Firefox,Linux,740,360,11.486,
5,condition1,a-some-the-all,"['all', False]",15,60430:4,[],37,Yes,"The ""none of the above"" option wasn't working for me",2,1,1,Female,English ,Firefox,Linux,740,360,11.486,
5,condition1,a-some-the-all,"['some', False]",16,130644:22,[],37,Yes,"The ""none of the above"" option wasn't working for me",2,1,1,Female,English ,Firefox,Linux,740,360,11.486,
5,condition1,a-some-the-all,"['some', False]",17,37508:7,[],37,Yes,"The ""none of the above"" option wasn't working for me",2,1,1,Female,English ,Firefox,Linux,740,360,11.486,
14,condition1,,"['Elizabeth', 'Elizabeth']",1,bot_check,[],30,Yes,,2,2,1,Male,English,Chrome,Linux,768,1366,4.4464,
14,condition1,all-some-the-a,"['some', False]",3,example1,[],30,Yes,,2,2,1,Male,English,Chrome,Linux,768,1366,4.4464,
14,condition1,all-some-the-a,"['some', False]",3,example1,[],30,Yes,,2,2,1,Male,English,Chrome,Linux,768,1366,4.4464,
14,condition1,all-some-the-a,"['some', False]",3,example1,[],30,Yes,,2,2,1,Male,English,Chrome,Linux,768,1366,4.4464,
14,condition1,all-some-the-a,"['all', False]",3,example1,[],30,Yes,,2,2,1,Male,English,Chrome,Linux,768,1366,4.4464,
14,condition1,all-some-the-a,"['a', False]",4,example2,[],30,Yes,,2,2,1,Male,English,Chrome,Linux,768,1366,4.4464,
14,condition1,all-some-the-a,"['all', False]",5,example1,[],30,Yes,,2,2,1,Male,English,Chrome,Linux,768,1366,4.4464,
14,condition1,all-some-the-a,"['the', False]",6,example4,[],30,Yes,,2,2,1,Male,English,Chrome,Linux,768,1366,4.4464,
14,condition1,all-some-the-a,"['some', False]",8,102105:4,[],30,Yes,,2,2,1,Male,English,Chrome,Linux,768,1366,4.4464,
14,condition1,all-some-the-a,"['all', False]",9,60430:4,[],30,Yes,,2,2,1,Male,English,Chrome,Linux,768,1366,4.4464,
14,condition1,all-some-the-a,"['the', False]",10,61578:4,[],30,Yes,,2,2,1,Male,English,Chrome,Linux,768,1366,4.4464,
14,condition1,all-some-the-a,"['some', False]",11,40349:14,[],30,Yes,,2,2,1,Male,English,Chrome,Linux,768,1366,4.4464,
14,condition1,all-some-the-a,"['a', False]",12,103191:13,[],30,Yes,,2,2,1,Male,English,Chrome,Linux,768,1366,4.4464,
14,condition1,all-some-the-a,"['the', False]",13,51293:9,[],30,Yes,,2,2,1,Male,English,Chrome,Linux,768,1366,4.4464,
14,condition1,all-some-the-a,"['a', False]",14,130644:22,[],30,Yes,,2,2,1,Male,English,Chrome,Linux,768,1366,4.4464,
14,condition1,all-some-the-a,"['the', False]",15,118088:9,[],30,Yes,,2,2,1,Male,English,Chrome,Linux,768,1366,4.4464,
14,condition1,all-some-the-a,"['the', False]",16,37508:7,[],30,Yes,,2,2,1,Male,English,Chrome,Linux,768,1366,4.4464,
14,condition1,all-some-the-a,"['the', False]",17,68569:4,[],30,Yes,,2,2,1,Male,English,Chrome,Linux,768,1366,4.4464,
24,condition1,,"['Sarah', 'Sarah']",1,bot_check,[],65,Yes,,3,1,1,Female,english,Chrome,Windows,720,1280,45.224716666666666,
24,condition1,the-a-some-all,"['the', False]",3,example1,[],65,Yes,,3,1,1,Female,english,Chrome,Windows,720,1280,45.224716666666666,
24,condition1,the-a-some-all,"['the', False]",3,example1,[],65,Yes,,3,1,1,Female,english,Chrome,Windows,720,1280,45.224716666666666,
24,condition1,the-a-some-all,"['all', False]",3,example1,[],65,Yes,,3,1,1,Female,english,Chrome,Windows,720,1280,45.224716666666666,
24,condition1,the-a-some-all,"['some', False]",4,example2,[],65,Yes,,3,1,1,Female,english,Chrome,Windows,720,1280,45.224716666666666,
24,condition1,the-a-some-all,"['all', False]",5,example1,[],65,Yes,,3,1,1,Female,english,Chrome,Windows,720,1280,45.224716666666666,
24,condition1,the-a-some-all,"['the', False]",6,example4,[],65,Yes,,3,1,1,Female,english,Chrome,Windows,720,1280,45.224716666666666,
24,condition1,the-a-some-all,"['the', False]",8,51293:9,[],65,Yes,,3,1,1,Female,english,Chrome,Windows,720,1280,45.224716666666666,
24,condition1,the-a-some-all,"['all', True]",9,103191:13,[],65,Yes,,3,1,1,Female,english,Chrome,Windows,720,1280,45.224716666666666,
24,condition1,the-a-some-all,"['all', False]",10,68569:4,[],65,Yes,,3,1,1,Female,english,Chrome,Windows,720,1280,45.224716666666666,
24,condition1,the-a-some-all,"['a', False]",11,102105:4,[],65,Yes,,3,1,1,Female,english,Chrome,Windows,720,1280,45.224716666666666,
24,condition1,the-a-some-all,"['the', True]",12,37508:7,[],65,Yes,,3,1,1,Female,english,Chrome,Windows,720,1280,45.224716666666666,
24,condition1,the-a-some-all,"['all', False]",13,61578:4,[],65,Yes,,3,1,1,Female,english,Chrome,Windows,720,1280,45.224716666666666,
24,condition1,the-a-some-all,"['all', True]",14,60430:4,[],65,Yes,,3,1,1,Female,english,Chrome,Windows,720,1280,45.224716666666666,
24,condition1,the-a-some-all,"['the', True]",15,130644:22,[],65,Yes,,3,1,1,Female,english,Chrome,Windows,720,1280,45.224716666666666,
24,condition1,the-a-some-all,"['some', True]",16,40349:14,[],65,Yes,,3,1,1,Female,english,Chrome,Windows,720,1280,45.224716666666666,
24,condition1,the-a-some-all,"['some', False]",17,118088:9,[],65,Yes,,3,1,1,Female,english,Chrome,Windows,720,1280,45.224716666666666,
29,condition1,,"['Elizabeth', 'Elizabeth']",1,bot_check,[],33,No,"I didn't pick ""I was confused"", but I was a little confused at times.",3,2,1,Female,English,Safari,Mac,800,1280,6.97245,
29,condition1,all-the-a-some,"['the', False]",3,example1,[],33,No,"I didn't pick ""I was confused"", but I was a little confused at times.",3,2,1,Female,English,Safari,Mac,800,1280,6.97245,
29,condition1,all-the-a-some,"['the', False]",3,example1,[],33,No,"I didn't pick ""I was confused"", but I was a little confused at times.",3,2,1,Female,English,Safari,Mac,800,1280,6.97245,
29,condition1,all-the-a-some,"['the', False]",3,example1,[],33,No,"I didn't pick ""I was confused"", but I was a little confused at times.",3,2,1,Female,English,Safari,Mac,800,1280,6.97245,
29,condition1,all-the-a-some,"['the', True]",3,example1,[],33,No,"I didn't pick ""I was confused"", but I was a little confused at times.",3,2,1,Female,English,Safari,Mac,800,1280,6.97245,
29,condition1,all-the-a-some,"['the', True]",3,example1,[],33,No,"I didn't pick ""I was confused"", but I was a little confused at times.",3,2,1,Female,English,Safari,Mac,800,1280,6.97245,
29,condition1,all-the-a-some,"['all', False]",3,example1,[],33,No,"I didn't pick ""I was confused"", but I was a little confused at times.",3,2,1,Female,English,Safari,Mac,800,1280,6.97245,
29,condition1,all-the-a-some,"['some', False]",4,example2,[],33,No,"I didn't pick ""I was confused"", but I was a little confused at times.",3,2,1,Female,English,Safari,Mac,800,1280,6.97245,
29,condition1,all-the-a-some,"['all', False]",5,example1,[],33,No,"I didn't pick ""I was confused"", but I was a little confused at times.",3,2,1,Female,English,Safari,Mac,800,1280,6.97245,
29,condition1,all-the-a-some,"['a', False]",6,example4,[],33,No,"I didn't pick ""I was confused"", but I was a little confused at times.",3,2,1,Female,English,Safari,Mac,800,1280,6.97245,
29,condition1,all-the-a-some,"['some', False]",8,103191:13,[],33,No,"I didn't pick ""I was confused"", but I was a little confused at times.",3,2,1,Female,English,Safari,Mac,800,1280,6.97245,
29,condition1,all-the-a-some,"['all', False]",9,118088:9,[],33,No,"I didn't pick ""I was confused"", but I was a little confused at times.",3,2,1,Female,English,Safari,Mac,800,1280,6.97245,
29,condition1,all-the-a-some,"['the', False]",10,61578:4,[],33,No,"I didn't pick ""I was confused"", but I was a little confused at times.",3,2,1,Female,English,Safari,Mac,800,1280,6.97245,
29,condition1,all-the-a-some,"['some', False]",11,37508:7,[],33,No,"I didn't pick ""I was confused"", but I was a little confused at times.",3,2,1,Female,English,Safari,Mac,800,1280,6.97245,
29,condition1,all-the-a-some,"['a', False]",12,60430:4,[],33,No,"I didn't pick ""I was confused"", but I was a little confused at times.",3,2,1,Female,English,Safari,Mac,800,1280,6.97245,
29,condition1,all-the-a-some,"['some', False]",13,40349:14,[],33,No,"I didn't pick ""I was confused"", but I was a little confused at times.",3,2,1,Female,English,Safari,Mac,800,1280,6.97245,
29,condition1,all-the-a-some,"['the', False]",14,102105:4,[],33,No,"I didn't pick ""I was confused"", but I was a little confused at times.",3,2,1,Female,English,Safari,Mac,800,1280,6.97245,
29,condition1,all-the-a-some,"['the', False]",15,68569:4,[],33,No,"I didn't pick ""I was confused"", but I was a little confused at times.",3,2,1,Female,English,Safari,Mac,800,1280,6.97245,
29,condition1,all-the-a-some,"['the', False]",16,51293:9,[],33,No,"I didn't pick ""I was confused"", but I was a little confused at times.",3,2,1,Female,English,Safari,Mac,800,1280,6.97245,
29,condition1,all-the-a-some,"['the', False]",17,130644:22,[],33,No,"I didn't pick ""I was confused"", but I was a little confused at times.",3,2,1,Female,English,Safari,Mac,800,1280,6.97245,
13,condition1,,"['Susan', 'Susan']",1,bot_check,[],58,Yes,,2,2,1,Female,English,Chrome,Linux,765,353,6.284316666666666,
13,condition1,the-some-a-all,"['the', False]",3,example1,[],58,Yes,,2,2,1,Female,English,Chrome,Linux,765,353,6.284316666666666,
13,condition1,the-some-a-all,"['all', False]",3,example1,[],58,Yes,,2,2,1,Female,English,Chrome,Linux,765,353,6.284316666666666,
13,condition1,the-some-a-all,"['some', False]",4,example2,[],58,Yes,,2,2,1,Female,English,Chrome,Linux,765,353,6.284316666666666,
13,condition1,the-some-a-all,"['all', False]",5,example1,[],58,Yes,,2,2,1,Female,English,Chrome,Linux,765,353,6.284316666666666,
13,condition1,the-some-a-all,"['the', False]",6,example4,[],58,Yes,,2,2,1,Female,English,Chrome,Linux,765,353,6.284316666666666,
13,condition1,the-some-a-all,"['all', False]",8,37508:7,[],58,Yes,,2,2,1,Female,English,Chrome,Linux,765,353,6.284316666666666,
13,condition1,the-some-a-all,"['some', False]",9,103191:13,[],58,Yes,,2,2,1,Female,English,Chrome,Linux,765,353,6.284316666666666,
13,condition1,the-some-a-all,"['all', False]",10,118088:9,[],58,Yes,,2,2,1,Female,English,Chrome,Linux,765,353,6.284316666666666,
13,condition1,the-some-a-all,"['some', False]",11,102105:4,[],58,Yes,,2,2,1,Female,English,Chrome,Linux,765,353,6.284316666666666,
13,condition1,the-some-a-all,"['some', False]",12,130644:22,[],58,Yes,,2,2,1,Female,English,Chrome,Linux,765,353,6.284316666666666,
13,condition1,the-some-a-all,"['the', False]",13,40349:14,[],58,Yes,,2,2,1,Female,English,Chrome,Linux,765,353,6.284316666666666,
13,condition1,the-some-a-all,"['the', False]",14,51293:9,[],58,Yes,,2,2,1,Female,English,Chrome,Linux,765,353,6.284316666666666,
13,condition1,the-some-a-all,"['all', False]",15,61578:4,[],58,Yes,,2,2,1,Female,English,Chrome,Linux,765,353,6.284316666666666,
13,condition1,the-some-a-all,"['a', True]",16,60430:4,[],58,Yes,,2,2,1,Female,English,Chrome,Linux,765,353,6.284316666666666,
13,condition1,the-some-a-all,"['the', False]",17,68569:4,[],58,Yes,,2,2,1,Female,English,Chrome,Linux,765,353,6.284316666666666,
16,condition1,,"['Sarah', 'Sarah']",1,bot_check,[],22,Yes,,2,1,1,Female,English,Safari,Mac,900,1440,9.441283333333333,
16,condition1,some-all-the-a,"['all', False]",3,example1,[],22,Yes,,2,1,1,Female,English,Safari,Mac,900,1440,9.441283333333333,
16,condition1,some-all-the-a,"['some', False]",4,example2,[],22,Yes,,2,1,1,Female,English,Safari,Mac,900,1440,9.441283333333333,
16,condition1,some-all-the-a,"['all', False]",5,example1,[],22,Yes,,2,1,1,Female,English,Safari,Mac,900,1440,9.441283333333333,
16,condition1,some-all-the-a,"['the', False]",6,example4,[],22,Yes,,2,1,1,Female,English,Safari,Mac,900,1440,9.441283333333333,
16,condition1,some-all-the-a,"['a', False]",8,130644:22,[],22,Yes,,2,1,1,Female,English,Safari,Mac,900,1440,9.441283333333333,
16,condition1,some-all-the-a,"['the', False]",9,51293:9,[],22,Yes,,2,1,1,Female,English,Safari,Mac,900,1440,9.441283333333333,
16,condition1,some-all-the-a,"['some', False]",10,68569:4,[],22,Yes,,2,1,1,Female,English,Safari,Mac,900,1440,9.441283333333333,
16,condition1,some-all-the-a,"['some', False]",11,60430:4,[],22,Yes,,2,1,1,Female,English,Safari,Mac,900,1440,9.441283333333333,
16,condition1,some-all-the-a,"['some', False]",12,37508:7,[],22,Yes,,2,1,1,Female,English,Safari,Mac,900,1440,9.441283333333333,
16,condition1,some-all-the-a,"['a', False]",13,103191:13,[],22,Yes,,2,1,1,Female,English,Safari,Mac,900,1440,9.441283333333333,
16,condition1,some-all-the-a,"['some', False]",14,40349:14,[],22,Yes,,2,1,1,Female,English,Safari,Mac,900,1440,9.441283333333333,
16,condition1,some-all-the-a,"['the', False]",15,102105:4,[],22,Yes,,2,1,1,Female,English,Safari,Mac,900,1440,9.441283333333333,
16,condition1,some-all-the-a,"['the', False]",16,118088:9,[],22,Yes,,2,1,1,Female,English,Safari,Mac,900,1440,9.441283333333333,
16,condition1,some-all-the-a,"['the', False]",17,61578:4,[],22,Yes,,2,1,1,Female,English,Safari,Mac,900,1440,9.441283333333333,
32,condition1,,"['Linda', 'Linda']",1,bot_check,[],23,Yes,,4,1,1,Female,English,Chrome,Windows,1003,1504,5.029633333333333,
32,condition1,some-all-the-a,"['a', False]",3,example1,[],23,Yes,,4,1,1,Female,English,Chrome,Windows,1003,1504,5.029633333333333,
32,condition1,some-all-the-a,"['all', False]",3,example1,[],23,Yes,,4,1,1,Female,English,Chrome,Windows,1003,1504,5.029633333333333,
32,condition1,some-all-the-a,"['a', False]",4,example2,[],23,Yes,,4,1,1,Female,English,Chrome,Windows,1003,1504,5.029633333333333,
32,condition1,some-all-the-a,"['all', False]",5,example1,[],23,Yes,,4,1,1,Female,English,Chrome,Windows,1003,1504,5.029633333333333,
32,condition1,some-all-the-a,"['the', False]",6,example4,[],23,Yes,,4,1,1,Female,English,Chrome,Windows,1003,1504,5.029633333333333,
32,condition1,some-all-the-a,"['the', True]",8,60430:4,[],23,Yes,,4,1,1,Female,English,Chrome,Windows,1003,1504,5.029633333333333,
32,condition1,some-all-the-a,"['all', False]",9,130644:22,[],23,Yes,,4,1,1,Female,English,Chrome,Windows,1003,1504,5.029633333333333,
32,condition1,some-all-the-a,"['a', False]",10,102105:4,[],23,Yes,,4,1,1,Female,English,Chrome,Windows,1003,1504,5.029633333333333,
32,condition1,some-all-the-a,"['the', False]",11,61578:4,[],23,Yes,,4,1,1,Female,English,Chrome,Windows,1003,1504,5.029633333333333,
32,condition1,some-all-the-a,"['the', False]",12,118088:9,[],23,Yes,,4,1,1,Female,English,Chrome,Windows,1003,1504,5.029633333333333,
32,condition1,some-all-the-a,"['a', False]",13,40349:14,[],23,Yes,,4,1,1,Female,English,Chrome,Windows,1003,1504,5.029633333333333,
32,condition1,some-all-the-a,"['a', False]",14,103191:13,[],23,Yes,,4,1,1,Female,English,Chrome,Windows,1003,1504,5.029633333333333,
32,condition1,some-all-the-a,"['all', False]",15,68569:4,[],23,Yes,,4,1,1,Female,English,Chrome,Windows,1003,1504,5.029633333333333,
32,condition1,some-all-the-a,"['the', False]",16,51293:9,[],23,Yes,,4,1,1,Female,English,Chrome,Windows,1003,1504,5.029633333333333,
32,condition1,some-all-the-a,"['a', False]",17,37508:7,[],23,Yes,,4,1,1,Female,English,Chrome,Windows,1003,1504,5.029633333333333,
20,condition1,,"['Mary', 'Mary']",1,bot_check,[],24,Confused,N/A,4,1,1,Female,English,Chrome,Windows,864,1536,4.2178,
20,condition1,all-a-some-the,"['a', False]",3,example1,[],24,Confused,N/A,4,1,1,Female,English,Chrome,Windows,864,1536,4.2178,
20,condition1,all-a-some-the,"['all', False]",3,example1,[],24,Confused,N/A,4,1,1,Female,English,Chrome,Windows,864,1536,4.2178,
20,condition1,all-a-some-the,"['some', False]",4,example2,[],24,Confused,N/A,4,1,1,Female,English,Chrome,Windows,864,1536,4.2178,
20,condition1,all-a-some-the,"['all', False]",5,example1,[],24,Confused,N/A,4,1,1,Female,English,Chrome,Windows,864,1536,4.2178,
20,condition1,all-a-some-the,"['a', False]",6,example4,[],24,Confused,N/A,4,1,1,Female,English,Chrome,Windows,864,1536,4.2178,
20,condition1,all-a-some-the,"['some', False]",8,40349:14,[],24,Confused,N/A,4,1,1,Female,English,Chrome,Windows,864,1536,4.2178,
20,condition1,all-a-some-the,"['some', False]",9,68569:4,[],24,Confused,N/A,4,1,1,Female,English,Chrome,Windows,864,1536,4.2178,
20,condition1,all-a-some-the,"['some', False]",10,60430:4,[],24,Confused,N/A,4,1,1,Female,English,Chrome,Windows,864,1536,4.2178,
20,condition1,all-a-some-the,"['some', False]",11,130644:22,[],24,Confused,N/A,4,1,1,Female,English,Chrome,Windows,864,1536,4.2178,
20,condition1,all-a-some-the,"['a', False]",12,102105:4,[],24,Confused,N/A,4,1,1,Female,English,Chrome,Windows,864,1536,4.2178,
20,condition1,all-a-some-the,"['some', True]",13,103191:13,[],24,Confused,N/A,4,1,1,Female,English,Chrome,Windows,864,1536,4.2178,
20,condition1,all-a-some-the,"['the', False]",14,51293:9,[],24,Confused,N/A,4,1,1,Female,English,Chrome,Windows,864,1536,4.2178,
20,condition1,all-a-some-the,"['some', False]",15,37508:7,[],24,Confused,N/A,4,1,1,Female,English,Chrome,Windows,864,1536,4.2178,
20,condition1,all-a-some-the,"['the', False]",16,118088:9,[],24,Confused,N/A,4,1,1,Female,English,Chrome,Windows,864,1536,4.2178,
20,condition1,all-a-some-the,"['some', False]",17,61578:4,[],24,Confused,N/A,4,1,1,Female,English,Chrome,Windows,864,1536,4.2178,
28,condition1,,"['Susan', 'Susan']",1,bot_check,[],24,Yes,,3,1,1,Female,English,Chrome,Mac,800,1280,2.3094,
28,condition1,all-a-some-the,"['the', False]",3,example1,[],24,Yes,,3,1,1,Female,English,Chrome,Mac,800,1280,2.3094,
28,condition1,all-a-some-the,"['a', False]",3,example1,[],24,Yes,,3,1,1,Female,English,Chrome,Mac,800,1280,2.3094,
28,condition1,all-a-some-the,"['a', False]",3,example1,[],24,Yes,,3,1,1,Female,English,Chrome,Mac,800,1280,2.3094,
28,condition1,all-a-some-the,"['all', False]",3,example1,[],24,Yes,,3,1,1,Female,English,Chrome,Mac,800,1280,2.3094,
28,condition1,all-a-some-the,"['a', False]",4,example2,[],24,Yes,,3,1,1,Female,English,Chrome,Mac,800,1280,2.3094,
28,condition1,all-a-some-the,"['all', False]",5,example1,[],24,Yes,,3,1,1,Female,English,Chrome,Mac,800,1280,2.3094,
28,condition1,all-a-some-the,"['a', False]",6,example4,[],24,Yes,,3,1,1,Female,English,Chrome,Mac,800,1280,2.3094,
28,condition1,all-a-some-the,"['a', False]",8,118088:9,[],24,Yes,,3,1,1,Female,English,Chrome,Mac,800,1280,2.3094,
28,condition1,all-a-some-the,"['a', False]",9,40349:14,[],24,Yes,,3,1,1,Female,English,Chrome,Mac,800,1280,2.3094,
28,condition1,all-a-some-the,"['a', False]",10,68569:4,[],24,Yes,,3,1,1,Female,English,Chrome,Mac,800,1280,2.3094,
28,condition1,all-a-some-the,"['a', False]",11,103191:13,[],24,Yes,,3,1,1,Female,English,Chrome,Mac,800,1280,2.3094,
28,condition1,all-a-some-the,"['a', False]",12,60430:4,[],24,Yes,,3,1,1,Female,English,Chrome,Mac,800,1280,2.3094,
28,condition1,all-a-some-the,"['a', False]",13,102105:4,[],24,Yes,,3,1,1,Female,English,Chrome,Mac,800,1280,2.3094,
28,condition1,all-a-some-the,"['a', False]",14,130644:22,[],24,Yes,,3,1,1,Female,English,Chrome,Mac,800,1280,2.3094,
28,condition1,all-a-some-the,"['the', False]",15,37508:7,[],24,Yes,,3,1,1,Female,English,Chrome,Mac,800,1280,2.3094,
28,condition1,all-a-some-the,"['the', False]",16,51293:9,[],24,Yes,,3,1,1,Female,English,Chrome,Mac,800,1280,2.3094,
28,condition1,all-a-some-the,"['the', False]",17,61578:4,[],24,Yes,,3,1,1,Female,English,Chrome,Mac,800,1280,2.3094,
41,condition1,,"['Elizabeth', 'Elizabeth']",1,bot_check,[],22,Yes,n/a,3,1,1,Female,English,Chrome,Mac,900,1440,5.984083333333333,
41,condition1,a-some-all-the,"['a', False]",3,example1,[],22,Yes,n/a,3,1,1,Female,English,Chrome,Mac,900,1440,5.984083333333333,
41,condition1,a-some-all-the,"['a', False]",3,example1,[],22,Yes,n/a,3,1,1,Female,English,Chrome,Mac,900,1440,5.984083333333333,
41,condition1,a-some-all-the,"['a', False]",3,example1,[],22,Yes,n/a,3,1,1,Female,English,Chrome,Mac,900,1440,5.984083333333333,
41,condition1,a-some-all-the,"['a', True]",3,example1,[],22,Yes,n/a,3,1,1,Female,English,Chrome,Mac,900,1440,5.984083333333333,
41,condition1,a-some-all-the,"['a', False]",3,example1,[],22,Yes,n/a,3,1,1,Female,English,Chrome,Mac,900,1440,5.984083333333333,
41,condition1,a-some-all-the,"['the', False]",3,example1,[],22,Yes,n/a,3,1,1,Female,English,Chrome,Mac,900,1440,5.984083333333333,
41,condition1,a-some-all-the,"['all', False]",3,example1,[],22,Yes,n/a,3,1,1,Female,English,Chrome,Mac,900,1440,5.984083333333333,
41,condition1,a-some-all-the,"['some', False]",4,example2,[],22,Yes,n/a,3,1,1,Female,English,Chrome,Mac,900,1440,5.984083333333333,
41,condition1,a-some-all-the,"['all', False]",5,example1,[],22,Yes,n/a,3,1,1,Female,English,Chrome,Mac,900,1440,5.984083333333333,
41,condition1,a-some-all-the,"['a', False]",6,example4,[],22,Yes,n/a,3,1,1,Female,English,Chrome,Mac,900,1440,5.984083333333333,
41,condition1,a-some-all-the,"['the', False]",8,118088:9,[],22,Yes,n/a,3,1,1,Female,English,Chrome,Mac,900,1440,5.984083333333333,
41,condition1,a-some-all-the,"['a', False]",9,40349:14,[],22,Yes,n/a,3,1,1,Female,English,Chrome,Mac,900,1440,5.984083333333333,
41,condition1,a-some-all-the,"['the', False]",10,37508:7,[],22,Yes,n/a,3,1,1,Female,English,Chrome,Mac,900,1440,5.984083333333333,
41,condition1,a-some-all-the,"['the', False]",11,61578:4,[],22,Yes,n/a,3,1,1,Female,English,Chrome,Mac,900,1440,5.984083333333333,
41,condition1,a-some-all-the,"['the', False]",12,102105:4,[],22,Yes,n/a,3,1,1,Female,English,Chrome,Mac,900,1440,5.984083333333333,
41,condition1,a-some-all-the,"['a', False]",13,60430:4,[],22,Yes,n/a,3,1,1,Female,English,Chrome,Mac,900,1440,5.984083333333333,
41,condition1,a-some-all-the,"['some', False]",14,103191:13,[],22,Yes,n/a,3,1,1,Female,English,Chrome,Mac,900,1440,5.984083333333333,
41,condition1,a-some-all-the,"['the', False]",15,130644:22,[],22,Yes,n/a,3,1,1,Female,English,Chrome,Mac,900,1440,5.984083333333333,
41,condition1,a-some-all-the,"['the', False]",16,68569:4,[],22,Yes,n/a,3,1,1,Female,English,Chrome,Mac,900,1440,5.984083333333333,
41,condition1,a-some-all-the,"['the', False]",17,51293:9,[],22,Yes,n/a,3,1,1,Female,English,Chrome,Mac,900,1440,5.984083333333333,
40,condition1,,"['Patricia', 'Patricia']",1,bot_check,[],18,No,,2,1,1,Other,english,Chrome,Windows,912,1368,4.8212166666666665,
40,condition1,some-a-the-all,"['a', False]",3,example1,[],18,No,,2,1,1,Other,english,Chrome,Windows,912,1368,4.8212166666666665,
40,condition1,some-a-the-all,"['all', False]",3,example1,[],18,No,,2,1,1,Other,english,Chrome,Windows,912,1368,4.8212166666666665,
40,condition1,some-a-the-all,"['a', False]",4,example2,[],18,No,,2,1,1,Other,english,Chrome,Windows,912,1368,4.8212166666666665,
40,condition1,some-a-the-all,"['some', False]",5,example1,[],18,No,,2,1,1,Other,english,Chrome,Windows,912,1368,4.8212166666666665,
40,condition1,some-a-the-all,"['all', False]",5,example1,[],18,No,,2,1,1,Other,english,Chrome,Windows,912,1368,4.8212166666666665,
40,condition1,some-a-the-all,"['the', False]",6,example4,[],18,No,,2,1,1,Other,english,Chrome,Windows,912,1368,4.8212166666666665,
40,condition1,some-a-the-all,"['the', False]",8,118088:9,[],18,No,,2,1,1,Other,english,Chrome,Windows,912,1368,4.8212166666666665,
40,condition1,some-a-the-all,"['a', False]",9,68569:4,[],18,No,,2,1,1,Other,english,Chrome,Windows,912,1368,4.8212166666666665,
40,condition1,some-a-the-all,"['some', False]",10,130644:22,[],18,No,,2,1,1,Other,english,Chrome,Windows,912,1368,4.8212166666666665,
40,condition1,some-a-the-all,"['a', False]",11,37508:7,[],18,No,,2,1,1,Other,english,Chrome,Windows,912,1368,4.8212166666666665,
40,condition1,some-a-the-all,"['all', False]",12,60430:4,[],18,No,,2,1,1,Other,english,Chrome,Windows,912,1368,4.8212166666666665,
40,condition1,some-a-the-all,"['the', False]",13,102105:4,[],18,No,,2,1,1,Other,english,Chrome,Windows,912,1368,4.8212166666666665,
40,condition1,some-a-the-all,"['the', False]",14,103191:13,[],18,No,,2,1,1,Other,english,Chrome,Windows,912,1368,4.8212166666666665,
40,condition1,some-a-the-all,"['some', False]",15,40349:14,[],18,No,,2,1,1,Other,english,Chrome,Windows,912,1368,4.8212166666666665,
40,condition1,some-a-the-all,"['the', False]",16,51293:9,[],18,No,,2,1,1,Other,english,Chrome,Windows,912,1368,4.8212166666666665,
40,condition1,some-a-the-all,"['some', False]",17,61578:4,[],18,No,,2,1,1,Other,english,Chrome,Windows,912,1368,4.8212166666666665,
30,condition1,,"['Jennifer', 'Jennifer']",1,bot_check,[],19,No,,1,1,1,Female,English,Chrome,Mac,1050,1680,2.7709,
30,condition1,some-all-a-the,"['the', False]",3,example1,[],19,No,,1,1,1,Female,English,Chrome,Mac,1050,1680,2.7709,
30,condition1,some-all-a-the,"['the', False]",3,example1,[],19,No,,1,1,1,Female,English,Chrome,Mac,1050,1680,2.7709,
30,condition1,some-all-a-the,"['a', True]",3,example1,[],19,No,,1,1,1,Female,English,Chrome,Mac,1050,1680,2.7709,
30,condition1,some-all-a-the,"['all', False]",3,example1,[],19,No,,1,1,1,Female,English,Chrome,Mac,1050,1680,2.7709,
30,condition1,some-all-a-the,"['the', False]",4,example2,[],19,No,,1,1,1,Female,English,Chrome,Mac,1050,1680,2.7709,
30,condition1,some-all-a-the,"['some', False]",4,example2,[],19,No,,1,1,1,Female,English,Chrome,Mac,1050,1680,2.7709,
30,condition1,some-all-a-the,"['all', False]",5,example1,[],19,No,,1,1,1,Female,English,Chrome,Mac,1050,1680,2.7709,
30,condition1,some-all-a-the,"['all', False]",6,example4,[],19,No,,1,1,1,Female,English,Chrome,Mac,1050,1680,2.7709,
30,condition1,some-all-a-the,"['the', False]",6,example4,[],19,No,,1,1,1,Female,English,Chrome,Mac,1050,1680,2.7709,
30,condition1,some-all-a-the,"['the', False]",8,118088:9,[],19,No,,1,1,1,Female,English,Chrome,Mac,1050,1680,2.7709,
30,condition1,some-all-a-the,"['all', False]",9,130644:22,[],19,No,,1,1,1,Female,English,Chrome,Mac,1050,1680,2.7709,
30,condition1,some-all-a-the,"['the', False]",10,68569:4,[],19,No,,1,1,1,Female,English,Chrome,Mac,1050,1680,2.7709,
30,condition1,some-all-a-the,"['all', False]",11,60430:4,[],19,No,,1,1,1,Female,English,Chrome,Mac,1050,1680,2.7709,
30,condition1,some-all-a-the,"['some', False]",12,61578:4,[],19,No,,1,1,1,Female,English,Chrome,Mac,1050,1680,2.7709,
30,condition1,some-all-a-the,"['all', False]",13,37508:7,[],19,No,,1,1,1,Female,English,Chrome,Mac,1050,1680,2.7709,
30,condition1,some-all-a-the,"['the', False]",14,102105:4,[],19,No,,1,1,1,Female,English,Chrome,Mac,1050,1680,2.7709,
30,condition1,some-all-a-the,"['all', False]",15,103191:13,[],19,No,,1,1,1,Female,English,Chrome,Mac,1050,1680,2.7709,
30,condition1,some-all-a-the,"['the', False]",16,51293:9,[],19,No,,1,1,1,Female,English,Chrome,Mac,1050,1680,2.7709,
30,condition1,some-all-a-the,"['all', False]",17,40349:14,[],19,No,,1,1,1,Female,English,Chrome,Mac,1050,1680,2.7709,
39,condition1,,"['Jessica', 'Jessica']",1,bot_check,[],21,Yes,,2,1,1,Female,English,Chrome,Windows,912,1368,4.021,
39,condition1,a-all-the-some,"['a', False]",3,example1,[],21,Yes,,2,1,1,Female,English,Chrome,Windows,912,1368,4.021,
39,condition1,a-all-the-some,"['all', False]",3,example1,[],21,Yes,,2,1,1,Female,English,Chrome,Windows,912,1368,4.021,
39,condition1,a-all-the-some,"['a', False]",4,example2,[],21,Yes,,2,1,1,Female,English,Chrome,Windows,912,1368,4.021,
39,condition1,a-all-the-some,"['all', False]",5,example1,[],21,Yes,,2,1,1,Female,English,Chrome,Windows,912,1368,4.021,
39,condition1,a-all-the-some,"['the', False]",6,example4,[],21,Yes,,2,1,1,Female,English,Chrome,Windows,912,1368,4.021,
39,condition1,a-all-the-some,"['a', True]",8,60430:4,[],21,Yes,,2,1,1,Female,English,Chrome,Windows,912,1368,4.021,
39,condition1,a-all-the-some,"['the', False]",9,51293:9,[],21,Yes,,2,1,1,Female,English,Chrome,Windows,912,1368,4.021,
39,condition1,a-all-the-some,"['the', False]",10,118088:9,[],21,Yes,,2,1,1,Female,English,Chrome,Windows,912,1368,4.021,
39,condition1,a-all-the-some,"['a', True]",11,103191:13,[],21,Yes,,2,1,1,Female,English,Chrome,Windows,912,1368,4.021,
39,condition1,a-all-the-some,"['the', False]",12,37508:7,[],21,Yes,,2,1,1,Female,English,Chrome,Windows,912,1368,4.021,
39,condition1,a-all-the-some,"['the', False]",13,130644:22,[],21,Yes,,2,1,1,Female,English,Chrome,Windows,912,1368,4.021,
39,condition1,a-all-the-some,"['the', False]",14,61578:4,[],21,Yes,,2,1,1,Female,English,Chrome,Windows,912,1368,4.021,
39,condition1,a-all-the-some,"['a', False]",15,40349:14,[],21,Yes,,2,1,1,Female,English,Chrome,Windows,912,1368,4.021,
39,condition1,a-all-the-some,"['the', False]",16,68569:4,[],21,Yes,,2,1,1,Female,English,Chrome,Windows,912,1368,4.021,
39,condition1,a-all-the-some,"['the', False]",17,102105:4,[],21,Yes,,2,1,1,Female,English,Chrome,Windows,912,1368,4.021,
31,condition1,,"['Susan', 'Susan']",1,bot_check,[],35,Yes,"I wasn't able to select ""none of the above"" the two times that it would have been appropriate. It forces you to pick from one of the four options.",3,2,1,Male,English,Chrome,Mac,1120,1792,7.0018666666666665,
31,condition1,all-a-the-some,"['all', False]",3,example1,[],35,Yes,"I wasn't able to select ""none of the above"" the two times that it would have been appropriate. It forces you to pick from one of the four options.",3,2,1,Male,English,Chrome,Mac,1120,1792,7.0018666666666665,
31,condition1,all-a-the-some,"['a', False]",4,example2,[],35,Yes,"I wasn't able to select ""none of the above"" the two times that it would have been appropriate. It forces you to pick from one of the four options.",3,2,1,Male,English,Chrome,Mac,1120,1792,7.0018666666666665,
31,condition1,all-a-the-some,"['all', False]",5,example1,[],35,Yes,"I wasn't able to select ""none of the above"" the two times that it would have been appropriate. It forces you to pick from one of the four options.",3,2,1,Male,English,Chrome,Mac,1120,1792,7.0018666666666665,
31,condition1,all-a-the-some,"['the', False]",6,example4,[],35,Yes,"I wasn't able to select ""none of the above"" the two times that it would have been appropriate. It forces you to pick from one of the four options.",3,2,1,Male,English,Chrome,Mac,1120,1792,7.0018666666666665,
31,condition1,all-a-the-some,"['all', False]",8,103191:13,[],35,Yes,"I wasn't able to select ""none of the above"" the two times that it would have been appropriate. It forces you to pick from one of the four options.",3,2,1,Male,English,Chrome,Mac,1120,1792,7.0018666666666665,
31,condition1,all-a-the-some,"['the', False]",9,61578:4,[],35,Yes,"I wasn't able to select ""none of the above"" the two times that it would have been appropriate. It forces you to pick from one of the four options.",3,2,1,Male,English,Chrome,Mac,1120,1792,7.0018666666666665,
31,condition1,all-a-the-some,"['the', False]",10,51293:9,[],35,Yes,"I wasn't able to select ""none of the above"" the two times that it would have been appropriate. It forces you to pick from one of the four options.",3,2,1,Male,English,Chrome,Mac,1120,1792,7.0018666666666665,
31,condition1,all-a-the-some,"['the', False]",11,37508:7,[],35,Yes,"I wasn't able to select ""none of the above"" the two times that it would have been appropriate. It forces you to pick from one of the four options.",3,2,1,Male,English,Chrome,Mac,1120,1792,7.0018666666666665,
31,condition1,all-a-the-some,"['the', False]",12,118088:9,[],35,Yes,"I wasn't able to select ""none of the above"" the two times that it would have been appropriate. It forces you to pick from one of the four options.",3,2,1,Male,English,Chrome,Mac,1120,1792,7.0018666666666665,
31,condition1,all-a-the-some,"['the', False]",13,68569:4,[],35,Yes,"I wasn't able to select ""none of the above"" the two times that it would have been appropriate. It forces you to pick from one of the four options.",3,2,1,Male,English,Chrome,Mac,1120,1792,7.0018666666666665,
31,condition1,all-a-the-some,"['the', False]",14,102105:4,[],35,Yes,"I wasn't able to select ""none of the above"" the two times that it would have been appropriate. It forces you to pick from one of the four options.",3,2,1,Male,English,Chrome,Mac,1120,1792,7.0018666666666665,
31,condition1,all-a-the-some,"['the', False]",15,40349:14,[],35,Yes,"I wasn't able to select ""none of the above"" the two times that it would have been appropriate. It forces you to pick from one of the four options.",3,2,1,Male,English,Chrome,Mac,1120,1792,7.0018666666666665,
31,condition1,all-a-the-some,"['all', False]",16,60430:4,[],35,Yes,"I wasn't able to select ""none of the above"" the two times that it would have been appropriate. It forces you to pick from one of the four options.",3,2,1,Male,English,Chrome,Mac,1120,1792,7.0018666666666665,
31,condition1,all-a-the-some,"['the', False]",17,130644:22,[],35,Yes,"I wasn't able to select ""none of the above"" the two times that it would have been appropriate. It forces you to pick from one of the four options.",3,2,1,Male,English,Chrome,Mac,1120,1792,7.0018666666666665,
36,condition1,,"['Margaret', 'Margaret']",1,bot_check,[],49,Yes,,3,1,1,Female,English,Chrome,Linux,640,360,6.216316666666667,
36,condition1,the-some-a-all,"['all', False]",3,example1,[],49,Yes,,3,1,1,Female,English,Chrome,Linux,640,360,6.216316666666667,
36,condition1,the-some-a-all,"['some', False]",4,example2,[],49,Yes,,3,1,1,Female,English,Chrome,Linux,640,360,6.216316666666667,
36,condition1,the-some-a-all,"['all', False]",5,example1,[],49,Yes,,3,1,1,Female,English,Chrome,Linux,640,360,6.216316666666667,
36,condition1,the-some-a-all,"['a', False]",6,example4,[],49,Yes,,3,1,1,Female,English,Chrome,Linux,640,360,6.216316666666667,
36,condition1,the-some-a-all,"['some', False]",8,68569:4,[],49,Yes,,3,1,1,Female,English,Chrome,Linux,640,360,6.216316666666667,
36,condition1,the-some-a-all,"['the', True]",9,103191:13,[],49,Yes,,3,1,1,Female,English,Chrome,Linux,640,360,6.216316666666667,
36,condition1,the-some-a-all,"['the', False]",10,51293:9,[],49,Yes,,3,1,1,Female,English,Chrome,Linux,640,360,6.216316666666667,
36,condition1,the-some-a-all,"['some', False]",11,61578:4,[],49,Yes,,3,1,1,Female,English,Chrome,Linux,640,360,6.216316666666667,
36,condition1,the-some-a-all,"['the', False]",12,118088:9,[],49,Yes,,3,1,1,Female,English,Chrome,Linux,640,360,6.216316666666667,
36,condition1,the-some-a-all,"['some', False]",13,40349:14,[],49,Yes,,3,1,1,Female,English,Chrome,Linux,640,360,6.216316666666667,
36,condition1,the-some-a-all,"['the', False]",14,60430:4,[],49,Yes,,3,1,1,Female,English,Chrome,Linux,640,360,6.216316666666667,
36,condition1,the-some-a-all,"['a', False]",15,37508:7,[],49,Yes,,3,1,1,Female,English,Chrome,Linux,640,360,6.216316666666667,
36,condition1,the-some-a-all,"['some', False]",16,102105:4,[],49,Yes,,3,1,1,Female,English,Chrome,Linux,640,360,6.216316666666667,
36,condition1,the-some-a-all,"['a', False]",17,130644:22,[],49,Yes,,3,1,1,Female,English,Chrome,Linux,640,360,6.216316666666667,
